,temperatureAvg,markup,id
0,0.734466,0,0
1,0.610840,0,1
2,0.092170,0,2
3,-1.030709,0,3
4,-1.344064,0,4
5,-1.471525,0,5
6,0.966392,1,6
7,-0.998406,0,7
8,0.308377,0,8
9,-1.191045,0,9
10,0.537993,0,10
11,0.781598,0,11
12,0.311735,0,12
13,1.466266,1,13
14,0.976103,0,14
15,0.474954,0,15
16,-1.232455,0,16
17,0.009217,0,17
18,-1.235974,0,18
19,0.730210,0,19
20,-2.139794,0,20
21,-1.085464,0,21
22,-0.525551,0,22
23,-1.185264,0,23
24,0.531496,0,24
25,-1.561592,0,25
26,-0.182968,0,26
27,-1.763956,0,27
28,-0.467975,0,28
29,0.306996,0,29
30,-1.258291,0,30
31,0.178839,0,31
32,0.469263,0,32
33,-0.739975,0,33
34,-0.305964,0,34
35,-0.431525,0,35
36,-1.011848,0,36
37,0.008058,0,37
38,0.720428,0,38
39,-0.266528,0,39
40,0.798036,0,40
41,0.998177,1,41
42,-0.141634,0,42
43,-0.156349,0,43
44,0.785142,0,44
45,-1.735081,0,45
46,-0.537659,0,46
47,-0.515105,0,47
48,-0.268857,0,48
49,-0.117582,0,49
50,1.075790,1,50
51,-0.720343,0,51
52,1.187116,1,52
53,-0.020375,0,53
54,-2.117482,0,54
55,-0.422461,0,55
56,-0.555385,0,56
57,0.270568,0,57
58,0.023766,0,58
59,-0.957018,0,59
60,-0.339293,0,60
61,0.874974,1,61
62,-0.403210,0,62
63,-0.447520,0,63
64,0.101290,0,64
65,-1.292565,0,65
66,-1.496067,0,66
67,-1.348890,0,67
68,-0.520194,0,68
69,-1.347561,0,69
70,-0.955859,0,70
71,-1.273136,0,71
72,-1.077787,0,72
73,-0.164749,0,73
74,0.142046,0,74
75,-1.682743,0,75
76,-1.518589,0,76
77,-1.172787,0,77
78,-1.805599,0,78
79,-0.695655,0,79
80,0.921037,1,80
81,-0.830511,0,81
82,-0.887645,0,82
83,-1.343953,0,83
84,-0.482676,0,84
85,-0.888016,0,85
86,1.250834,1,86
87,-1.264429,0,87
88,-1.208592,0,88
89,-1.134744,0,89
90,1.012701,0,90
91,-0.282632,0,91
92,0.083138,0,92
93,-1.508825,0,93
94,1.152626,0,94
95,1.367770,1,95
96,0.467599,0,96
97,1.353839,0,97
98,-1.993175,0,98
99,1.552923,0,99
100,0.334117,0,100
101,1.638592,0,101
102,0.503013,0,102
103,1.376656,0,103
104,1.604431,0,104
105,1.418219,0,105
106,1.426411,0,106
107,1.534520,0,107
108,0.559704,0,108
109,0.831184,0,109
110,1.820346,1,110
111,1.757734,0,111
112,1.336829,0,112
113,1.440521,0,113
114,1.395647,0,114
115,1.545125,0,115
116,-0.961139,0,116
117,1.496568,0,117
118,0.966985,0,118
119,-0.446495,0,119
120,0.870978,0,120
121,-0.761398,0,121
122,-0.232228,0,122
123,-0.382844,0,123
124,-0.139392,0,124
125,0.237961,0,125
126,0.238930,0,126
127,-0.311532,0,127
128,-1.424574,0,128
129,-1.209814,0,129
130,-1.182728,0,130
131,0.662178,0,131
132,0.796357,0,132
133,1.097501,1,133
134,0.765180,0,134
135,-0.933070,0,135
136,-1.144858,0,136
137,-0.160550,0,137
138,-1.742330,0,138
139,-1.924098,0,139
140,1.455657,1,140
141,1.107656,0,141
142,1.040237,0,142
143,-0.267507,0,143
144,0.959402,0,144
145,1.642944,1,145
146,0.808456,0,146
147,1.627782,0,147
148,1.317081,0,148
149,1.687353,0,149
150,1.657029,0,150
151,-0.926156,0,151
152,1.776811,0,152
153,0.899392,0,153
154,1.400365,0,154
155,-1.399554,0,155
156,-1.740159,0,156
157,1.335901,0,157
158,1.273066,0,158
159,0.312581,0,159
160,1.458539,0,160
161,1.402790,0,161
162,1.129680,0,162
163,1.308529,0,163
164,1.580284,0,164
165,-1.049675,0,165
166,1.479896,0,166
167,1.092144,0,167
168,0.011865,0,168
169,0.779085,0,169
170,-0.091933,0,170
171,1.104367,0,171
172,1.074963,0,172
173,0.417013,0,173
174,0.172330,0,174
175,0.750166,0,175
176,0.479063,0,176
177,-0.492456,0,177
178,-1.651562,0,178
179,0.669399,0,179
180,-0.081507,0,180
181,1.384627,1,181
182,1.267118,0,182
183,1.638403,1,183
184,1.356188,0,184
185,-0.097913,0,185
186,1.590676,0,186
187,1.388173,0,187
188,1.417011,0,188
189,1.269357,0,189
190,1.690553,0,190
191,1.845779,1,191
192,1.921929,1,192
193,-0.931102,0,193
194,-1.211336,0,194
195,-0.548727,0,195
196,1.701474,0,196
197,1.416172,0,197
198,1.175302,0,198
199,0.541739,0,199
200,0.434756,0,200
201,1.088452,0,201
202,1.348158,0,202
203,1.527925,0,203
204,1.282961,0,204
205,1.032627,0,205
206,-0.867533,0,206
207,-0.970996,0,207
208,-0.487490,0,208
209,1.057581,0,209
210,1.410430,0,210
211,1.025087,0,211
212,1.151481,0,212
213,1.360267,0,213
214,0.599299,0,214
215,1.142062,0,215
216,1.322071,0,216
217,1.463334,0,217
218,1.438046,0,218
219,1.618069,0,219
220,1.011483,0,220
221,1.408216,0,221
222,0.549067,0,222
223,0.995093,0,223
224,1.164784,0,224
225,-1.047057,0,225
226,-0.726113,0,226
227,-0.997983,0,227
228,0.694708,0,228
229,-0.328400,0,229
230,-0.318325,0,230
231,1.139794,0,231
232,-0.265971,0,232
233,-0.208402,0,233
234,-0.079221,0,234
235,-0.154111,0,235
236,-0.182543,0,236
237,-0.225803,0,237
238,-0.014194,0,238
239,0.084541,0,239
240,-0.012693,0,240
241,0.084393,0,241
242,0.421679,0,242
243,-0.118780,0,243
244,-0.168214,0,244
245,0.615702,0,245
246,0.485618,0,246
247,0.588205,0,247
248,1.141693,1,248
249,0.759473,0,249
250,-1.190363,0,250
251,0.218780,0,251
252,-1.548345,0,252
253,-1.734999,0,253
254,0.083720,0,254
255,-1.317001,0,255
256,-0.535450,0,256
257,-0.279703,0,257
258,-0.156541,0,258
259,0.795024,0,259
260,1.097223,0,260
261,1.296865,1,261
262,1.142079,0,262
263,1.289244,1,263
264,0.274704,0,264
265,0.687553,0,265
266,0.905307,0,266
267,0.801346,0,267
268,0.885897,0,268
269,0.436335,0,269
270,1.430247,0,270
271,-0.015565,0,271
272,1.335419,0,272
273,0.384523,0,273
274,-0.104019,0,274
275,-0.737298,0,275
276,-0.012840,0,276
277,1.282654,0,277
278,0.355736,0,278
279,0.366607,0,279
280,-1.503915,0,280
281,0.509226,0,281
282,-0.385779,0,282
283,-0.530638,0,283
284,2.048592,1,284
285,0.129678,0,285
286,0.744916,0,286
287,0.311950,0,287
288,-0.423347,0,288
289,-1.487509,0,289
290,-0.163893,0,290
291,0.095981,0,291
292,0.906862,0,292
293,-0.665123,0,293
294,0.638545,0,294
295,0.551115,0,295
296,-0.437395,0,296
297,-0.805101,0,297
298,-0.619856,0,298
299,-1.455151,0,299
300,-0.248078,0,300
301,-0.575774,0,301
302,-0.174944,0,302
303,-0.476092,0,303
304,-0.897115,0,304
305,-1.402750,0,305
306,-0.925760,0,306
307,-0.529991,0,307
308,-1.384439,0,308
309,0.622703,0,309
310,-1.030541,0,310
311,-0.446478,0,311
312,0.841939,0,312
313,1.028807,1,313
314,-0.202687,0,314
315,-1.404063,0,315
316,0.125172,0,316
317,-1.488172,0,317
318,-0.452164,0,318
319,-1.649081,0,319
320,-0.875149,0,320
321,-0.781285,0,321
322,-0.787224,0,322
323,0.263694,0,323
324,0.170728,0,324
325,0.025600,0,325
326,-1.555418,0,326
327,0.062122,0,327
328,0.244546,0,328
329,-0.536296,0,329
330,-0.722946,0,330
331,-0.005000,0,331
332,0.516097,0,332
333,0.156784,0,333
334,-0.018083,0,334
335,0.711104,0,335
336,-0.043588,0,336
337,0.288183,0,337
338,-0.055937,0,338
339,-0.229879,0,339
340,0.213334,0,340
341,0.768663,0,341
342,-1.081745,0,342
343,-1.518942,0,343
344,0.567006,0,344
345,0.178772,0,345
346,-1.925231,0,346
347,0.041851,0,347
348,-1.185816,0,348
349,-0.885501,0,349
350,-1.397606,0,350
351,-0.621092,0,351
352,0.751914,1,352
353,-1.696795,0,353
354,0.898196,1,354
355,-0.780090,0,355
356,-0.116644,0,356
357,-0.843192,0,357
358,-2.266845,0,358
359,-1.402575,0,359
360,-0.012534,0,360
361,0.109674,0,361
362,-0.095680,0,362
363,0.147730,0,363
364,0.135856,0,364
365,0.146095,0,365
366,0.125439,0,366
367,0.827609,0,367
368,0.317298,0,368
369,-1.297422,0,369
370,-1.382845,0,370
371,-1.522026,0,371
372,0.560583,0,372
373,0.456107,0,373
374,-0.362340,0,374
375,-1.241742,0,375
376,-0.805965,0,376
377,-0.841297,0,377
378,0.339316,0,378
379,0.652738,0,379
380,0.389369,0,380
381,0.280610,0,381
382,0.519875,0,382
383,-2.032563,0,383
384,-0.609008,0,384
385,-0.844145,0,385
386,-0.621775,0,386
387,0.758973,0,387
388,-0.054282,0,388
389,0.023478,0,389
390,-0.111381,0,390
391,0.658452,0,391
392,-1.978965,0,392
393,0.410138,0,393
394,1.585911,1,394
395,-0.936514,0,395
396,-0.688747,0,396
397,1.249549,1,397
398,1.352672,1,398
399,1.238071,1,399
400,-1.040082,0,400
401,-1.004237,0,401
402,-0.301960,0,402
403,-0.123498,0,403
404,-0.940828,0,404
405,0.556386,0,405
406,-1.637394,0,406
407,-0.871336,0,407
408,-0.668454,0,408
409,-0.685423,0,409
410,1.643818,1,410
411,0.180262,0,411
412,-1.675051,0,412
413,-1.784389,0,413
414,-1.682256,0,414
415,-1.332964,0,415
416,-1.295607,0,416
417,-1.241872,0,417
418,0.198864,0,418
419,-0.702183,0,419
420,-0.329539,0,420
421,-1.433731,0,421
422,0.133604,0,422
423,1.132455,1,423
424,0.939872,1,424
425,-0.643152,0,425
426,-1.054935,0,426
427,-1.044149,0,427
428,-1.763382,0,428
429,0.194634,0,429
430,-0.035195,0,430
431,-0.357705,0,431
432,0.796677,0,432
433,-0.652779,0,433
434,0.488021,0,434
435,-0.908240,0,435
436,-0.439608,0,436
437,-0.284820,0,437
438,-1.080147,0,438
439,-1.108544,0,439
440,-0.869850,0,440
441,0.335417,0,441
442,-1.775671,0,442
443,-0.707749,0,443
444,-1.341473,0,444
445,-0.796128,0,445
446,-0.689323,0,446
447,0.062713,0,447
448,-1.676136,0,448
449,-1.412072,0,449
450,-0.810947,0,450
451,-0.914283,0,451
452,0.407954,0,452
453,-1.119949,0,453
454,1.295853,1,454
455,-1.158962,0,455
456,-1.079633,0,456
457,-0.547459,0,457
458,-1.625261,0,458
459,-1.508026,0,459
460,-0.947693,0,460
461,-1.977377,0,461
462,-1.882653,0,462
463,0.298793,0,463
464,-0.875846,0,464
465,-1.411276,0,465
466,0.022726,0,466
467,-1.702641,0,467
468,-1.451309,0,468
469,-1.491523,0,469
470,-1.005433,0,470
471,0.288360,0,471
472,0.380366,0,472
473,0.781643,1,473
474,-1.623195,0,474
475,-1.123677,0,475
476,-0.114740,0,476
477,-0.334870,0,477
478,-0.034260,0,478
479,-1.830035,0,479
480,-0.664244,0,480
481,-0.493006,0,481
482,-0.398214,0,482
483,-1.462262,0,483
484,-0.598100,0,484
485,0.260177,0,485
486,0.403145,0,486
487,0.302993,0,487
488,-1.563976,0,488
489,-1.753204,0,489
490,-0.190791,0,490
491,0.494415,0,491
492,-1.294921,0,492
493,-1.754275,0,493
494,-0.383339,0,494
495,-1.348956,0,495
496,-0.328997,0,496
497,-0.326381,0,497
498,0.722286,1,498
499,-1.226020,0,499
500,0.780921,1,500
501,0.644988,0,501
502,0.435629,0,502
503,1.049774,1,503
504,0.564322,0,504
505,0.014355,0,505
506,-1.267291,0,506
507,-0.313535,0,507
508,-1.136046,0,508
509,-1.601615,0,509
510,0.786900,0,510
511,-0.596707,0,511
512,0.425718,0,512
513,-1.700870,0,513
514,-1.420876,0,514
515,-0.173675,0,515
516,-1.415464,0,516
517,-1.960296,0,517
518,-1.698976,0,518
519,0.012431,0,519
520,-0.842313,0,520
521,-0.390186,0,521
522,-0.983943,0,522
523,0.987607,1,523
524,-1.503919,0,524
525,1.323694,1,525
526,1.368712,0,526
527,1.640613,1,527
528,-0.781021,0,528
529,-0.922077,0,529
530,1.419948,0,530
531,-0.991817,0,531
532,0.100356,0,532
533,1.669840,1,533
534,1.415011,0,534
535,-1.497583,0,535
536,0.441801,0,536
537,1.361525,0,537
538,0.454852,0,538
539,1.541565,0,539
540,0.916270,0,540
541,0.988370,0,541
542,1.028646,0,542
543,1.699362,1,543
544,1.110919,0,544
545,1.073673,0,545
546,0.984626,0,546
547,0.960914,0,547
548,0.803419,0,548
549,0.865264,0,549
550,0.765664,0,550
551,-1.455361,0,551
552,0.770331,0,552
553,1.216375,0,553
554,1.550478,1,554
555,1.561775,1,555
556,1.067303,0,556
557,1.447475,0,557
558,1.095111,0,558
559,1.383912,0,559
560,-1.205082,0,560
561,1.434529,0,561
562,0.127461,0,562
563,-0.043221,0,563
564,0.645268,0,564
565,0.586909,0,565
566,0.412041,0,566
567,0.752814,0,567
568,0.868504,0,568
569,-0.086493,0,569
570,-0.185281,0,570
571,0.917781,0,571
572,-0.737019,0,572
573,-1.052838,0,573
574,0.945334,0,574
575,0.937782,0,575
576,0.683943,0,576
577,1.092528,0,577
578,1.322010,1,578
579,1.041841,0,579
580,1.277010,1,580
581,-1.340193,0,581
582,0.964479,0,582
583,0.465134,0,583
584,-0.053032,0,584
585,0.965307,0,585
586,0.892207,0,586
587,0.184803,0,587
588,0.999570,0,588
589,0.659571,0,589
590,0.837308,0,590
591,-0.319605,0,591
592,-1.304711,0,592
593,0.478322,0,593
594,1.245575,1,594
595,1.240572,0,595
596,1.261762,0,596
597,1.382364,0,597
598,0.995878,0,598
599,1.142250,0,599
600,1.346399,0,600
601,-0.792056,0,601
602,1.344927,0,602
603,0.243627,0,603
604,0.088093,0,604
605,0.001794,0,605
606,-0.109748,0,606
607,-0.201070,0,607
608,-0.117051,0,608
609,-0.063430,0,609
610,-0.397453,0,610
611,0.281408,0,611
612,0.011695,0,612
613,-0.071462,0,613
614,0.292527,0,614
615,-0.120421,0,615
616,1.201719,1,616
617,1.324696,1,617
618,1.288521,0,618
619,1.317468,0,619
620,1.246651,0,620
621,0.569276,0,621
622,0.374013,0,622
623,0.400013,0,623
624,0.437802,0,624
625,0.530020,0,625
626,0.924442,0,626
627,1.166712,0,627
628,1.122614,0,628
629,0.629505,0,629
630,0.451528,0,630
631,0.940360,0,631
632,1.068791,0,632
633,0.921383,0,633
634,0.825845,0,634
635,-1.748810,0,635
636,1.052821,0,636
637,0.736777,0,637
638,0.181959,0,638
639,0.804674,0,639
640,0.597815,0,640
641,0.914297,0,641
642,-1.278472,0,642
643,0.946669,0,643
644,-0.647106,0,644
645,-0.391753,0,645
646,-0.936764,0,646
647,0.923324,0,647
648,-0.215517,0,648
649,0.075590,0,649
650,1.408343,1,650
651,-0.017006,0,651
652,1.085455,0,652
653,0.908742,0,653
654,0.796924,0,654
655,0.297285,0,655
656,-0.150602,0,656
657,0.998515,0,657
658,-1.289549,0,658
659,-0.968755,0,659
660,-1.211120,0,660
661,-1.545723,0,661
662,-1.158580,0,662
663,-1.244839,0,663
664,0.670404,0,664
665,1.289597,1,665
666,-1.406531,0,666
667,-1.596096,0,667
668,0.864682,0,668
669,0.607052,0,669
670,0.030590,0,670
671,-1.127238,0,671
672,0.052485,0,672
673,0.741330,0,673
674,1.195118,1,674
675,-1.312840,0,675
676,-1.484307,0,676
677,-1.103436,0,677
678,-1.497630,0,678
679,-0.751155,0,679
680,-0.118496,0,680
681,-0.344174,0,681
682,-1.667707,0,682
683,-0.855425,0,683
684,-0.547823,0,684
685,0.354608,1,685
686,0.393898,1,686
687,-0.813266,0,687
688,-0.799284,0,688
689,-0.618205,0,689
690,-1.798954,0,690
691,-1.919762,0,691
692,0.057766,0,692
693,0.592696,1,693
694,0.082871,0,694
695,-1.484116,0,695
696,-1.781657,0,696
697,-1.378983,0,697
698,-0.735007,0,698
699,-0.974805,0,699
700,0.411051,0,700
701,1.170693,1,701
702,0.028749,0,702
703,1.289520,1,703
704,1.250408,0,704
705,1.315164,0,705
706,1.234033,0,706
707,0.222833,0,707
708,1.326458,0,708
709,0.596148,0,709
710,1.326337,0,710
711,0.704529,0,711
712,0.750472,0,712
713,1.339066,0,713
714,0.799574,0,714
715,0.058481,0,715
716,0.116686,0,716
717,-0.561842,0,717
718,1.104121,1,718
719,-0.176821,0,719
720,-0.654255,0,720
721,-1.678266,0,721
722,0.994604,0,722
723,-1.356518,0,723
724,1.166960,0,724
725,-1.266420,0,725
726,-1.254765,0,726
727,-0.762462,0,727
728,-1.103565,0,728
729,0.777786,0,729
730,0.647156,0,730
731,0.867707,0,731
732,-1.178041,0,732
733,-0.519729,0,733
734,1.107114,0,734
735,1.311389,1,735
736,1.435257,1,736
737,0.282784,0,737
738,0.165676,0,738
739,1.157339,0,739
740,0.596552,0,740
741,0.865465,0,741
742,-1.454886,0,742
743,-1.276500,0,743
744,-1.104907,0,744
745,-0.441453,0,745
746,-0.013349,0,746
747,0.407430,0,747
748,0.901162,0,748
749,-0.027875,0,749
750,0.361242,0,750
751,0.628872,0,751
752,-1.533727,0,752
753,-0.809811,0,753
754,-1.293921,0,754
755,-0.223034,0,755
756,1.163368,1,756
757,0.901749,0,757
758,1.225215,0,758
759,0.533725,0,759
760,1.082017,0,760
761,-1.055508,0,761
762,0.933429,0,762
763,0.901320,0,763
764,1.011161,0,764
765,-0.670687,0,765
766,1.155655,0,766
767,0.140620,0,767
768,1.087786,0,768
769,1.032005,0,769
770,1.326729,0,770
771,1.072845,0,771
772,0.368400,0,772
773,-1.236585,0,773
774,-1.123389,0,774
775,-1.235246,0,775
776,-1.993447,0,776
777,-0.385772,0,777
778,-1.119800,0,778
779,-0.280245,0,779
780,-1.317515,0,780
781,-0.196109,0,781
782,0.667857,0,782
783,1.627643,1,783
784,1.198156,0,784
785,1.285071,0,785
786,-0.247077,0,786
787,1.533802,0,787
788,-1.411564,0,788
789,-1.207606,0,789
790,1.017448,0,790
791,1.188541,0,791
792,1.050832,0,792
793,-1.109187,0,793
794,-1.276646,0,794
795,0.901173,0,795
796,0.826775,0,796
797,0.427212,0,797
798,-0.780474,0,798
799,-0.101228,0,799
800,-1.092685,0,800
801,-0.257290,0,801
802,-1.344651,0,802
803,-0.583993,0,803
804,0.427792,0,804
805,1.190751,1,805
806,-1.673245,0,806
807,0.454035,0,807
808,0.389511,0,808
809,0.386782,0,809
810,0.777745,0,810
811,1.415099,1,811
812,-0.740108,0,812
813,1.345439,0,813
814,-0.791751,0,814
815,-0.692322,0,815
816,-0.654416,0,816
817,0.062258,0,817
818,1.539134,1,818
819,1.292250,0,819
820,0.916366,0,820
821,0.561697,0,821
822,1.136519,0,822
823,1.008772,0,823
824,1.404098,0,824
825,1.234359,0,825
826,1.329824,0,826
827,1.341589,0,827
828,1.314879,0,828
829,1.479798,0,829
830,0.538019,0,830
831,1.365733,0,831
832,1.265715,0,832
833,0.805395,0,833
834,1.460113,0,834
835,-0.098073,0,835
836,-0.411197,0,836
837,-0.167036,0,837
838,-0.155796,0,838
839,-0.081377,0,839
840,-1.254703,0,840
841,0.308872,0,841
842,0.056625,0,842
843,0.418144,0,843
844,-1.566433,0,844
845,0.899212,0,845
846,1.103999,0,846
847,0.983067,0,847
848,0.638961,0,848
849,-1.345956,0,849
850,0.364267,0,850
851,1.072101,0,851
852,0.606920,0,852
853,0.727891,0,853
854,0.932505,0,854
855,0.465506,0,855
856,0.681246,0,856
857,1.306136,1,857
858,-1.728808,0,858
859,-0.321194,0,859
860,0.158237,0,860
861,0.252166,0,861
862,-0.072993,0,862
863,0.333719,0,863
864,0.585596,0,864
865,0.653271,0,865
866,-0.077967,0,866
867,0.865383,1,867
868,-0.984486,0,868
869,0.418992,0,869
870,-0.184181,0,870
871,-1.288570,0,871
872,-0.787643,0,872
873,-0.710143,0,873
874,0.487875,0,874
875,0.138029,0,875
876,0.322347,0,876
877,0.618471,0,877
878,0.377909,0,878
879,0.494964,0,879
880,0.680725,0,880
881,0.434085,0,881
882,-1.302285,0,882
883,-1.398500,0,883
884,0.077646,0,884
885,0.434325,0,885
886,-0.084571,0,886
887,-0.928492,0,887
888,-1.102938,0,888
889,-1.092199,0,889
890,-0.368873,0,890
891,-0.443040,0,891
892,-0.532092,0,892
893,-0.007610,0,893
894,-1.133683,0,894
895,-0.295406,0,895
896,0.024512,0,896
897,0.126349,0,897
898,-2.082164,0,898
899,0.869546,1,899
900,0.477904,0,900
901,-1.673916,0,901
902,-1.882014,0,902
903,-0.138726,0,903
904,-1.846681,0,904
905,-1.203922,0,905
906,-0.952098,0,906
907,-1.246152,0,907
908,0.546356,0,908
909,0.308363,0,909
910,0.034594,0,910
911,-0.628257,0,911
912,-1.388643,0,912
913,-0.817782,0,913
914,-0.601738,0,914
915,-1.504711,0,915
916,-0.570585,0,916
917,-0.536927,0,917
918,-0.062623,0,918
919,0.164602,0,919
920,-0.259648,0,920
921,0.019295,0,921
922,-1.435986,0,922
923,-0.115424,0,923
924,-0.631648,0,924
925,-0.819548,0,925
926,-1.048739,0,926
927,-0.970910,0,927
928,0.375847,1,928
929,-0.954974,0,929
930,-0.217255,0,930
931,-1.286100,0,931
932,-0.915084,0,932
933,-1.280117,0,933
934,-1.381111,0,934
935,-1.090831,0,935
936,-0.909229,0,936
937,-1.678668,0,937
938,-1.523114,0,938
939,-1.105845,0,939
940,-1.179328,0,940
941,0.238987,0,941
942,-0.166055,0,942
943,-1.601297,0,943
944,-1.015358,0,944
945,0.204822,0,945
946,-0.424810,0,946
947,-0.596892,0,947
948,0.013176,0,948
949,-0.107803,0,949
950,-1.884635,0,950
951,-0.347915,0,951
952,-1.110840,0,952
953,-0.268520,0,953
954,0.093004,0,954
955,0.634062,0,955
956,-0.975991,0,956
957,0.431670,0,957
958,-0.183706,0,958
959,-0.710543,0,959
960,-1.070473,0,960
961,1.482382,1,961
962,0.304284,0,962
963,0.505523,0,963
964,-1.274972,0,964
965,-1.051035,0,965
966,-0.779377,0,966
967,-0.137562,0,967
968,0.162480,0,968
969,-1.452985,0,969
970,-1.768614,0,970
971,-0.865552,0,971
972,-1.387847,0,972
973,-0.637104,0,973
974,-1.415625,0,974
975,-1.471931,0,975
976,1.430046,1,976
977,0.803817,0,977
978,1.237995,0,978
979,1.330354,0,979
980,1.275942,0,980
981,1.485087,0,981
982,-0.309227,0,982
983,1.467894,0,983
984,0.012947,0,984
985,-0.073936,0,985
986,0.455375,0,986
987,-0.026896,0,987
988,1.372273,0,988
989,-1.193341,0,989
990,-0.544616,0,990
991,0.093401,0,991
992,-0.167293,0,992
993,0.358337,0,993
994,-1.962439,0,994
995,1.292921,0,995
996,-1.137022,0,996
997,-1.120796,0,997
998,-1.319874,0,998
999,1.067045,0,999
1000,-0.077354,0,1000
1001,-0.939890,0,1001
1002,0.470772,0,1002
1003,-2.304167,0,1003
1004,0.508805,0,1004
1005,0.136058,0,1005
1006,0.675224,0,1006
1007,0.248593,0,1007
1008,0.702190,0,1008
1009,0.900091,0,1009
1010,0.660384,0,1010
1011,0.772434,0,1011
1012,0.241380,0,1012
1013,0.626749,0,1013
1014,0.280651,0,1014
1015,1.976801,1,1015
1016,0.454476,0,1016
1017,0.990332,0,1017
1018,-0.054005,0,1018
1019,0.753307,0,1019
1020,0.447870,0,1020
1021,0.429342,0,1021
1022,0.053325,0,1022
1023,0.156738,0,1023
1024,0.872349,0,1024
1025,0.434680,0,1025
1026,0.553522,0,1026
1027,0.805237,0,1027
1028,1.087484,0,1028
1029,-0.159516,0,1029
1030,-0.025140,0,1030
1031,-0.783924,0,1031
1032,-1.169582,0,1032
1033,1.189437,0,1033
1034,1.231049,0,1034
1035,1.289893,0,1035
1036,0.972199,0,1036
1037,-1.611581,0,1037
1038,0.866872,0,1038
1039,-1.230453,0,1039
1040,-1.888389,0,1040
1041,-1.460723,0,1041
1042,-1.345610,0,1042
1043,0.676491,0,1043
1044,0.059396,0,1044
1045,0.325389,0,1045
1046,-0.335199,0,1046
1047,-0.999390,0,1047
1048,-1.430780,0,1048
1049,-0.459064,0,1049
1050,0.836456,0,1050
1051,-1.180881,0,1051
1052,0.644735,0,1052
1053,-1.379488,0,1053
1054,-0.830281,0,1054
1055,0.717558,0,1055
1056,0.256735,0,1056
1057,-0.973566,0,1057
1058,-0.876317,0,1058
1059,-1.380459,0,1059
1060,-1.085679,0,1060
1061,-0.493138,0,1061
1062,-0.464245,0,1062
1063,-1.603434,0,1063
1064,-1.662048,0,1064
1065,-0.964774,0,1065
1066,0.359461,0,1066
1067,1.501146,1,1067
1068,-0.688023,0,1068
1069,-0.905155,0,1069
1070,-0.081890,0,1070
1071,-1.341876,0,1071
1072,-1.446248,0,1072
1073,-0.349468,0,1073
1074,0.187865,0,1074
1075,-0.441646,0,1075
1076,-0.404604,0,1076
1077,-0.293254,0,1077
1078,-0.170799,0,1078
1079,-0.315533,0,1079
1080,0.086676,0,1080
1081,1.067935,0,1081
1082,0.916270,0,1082
1083,0.909232,0,1083
1084,1.099559,0,1084
1085,1.077838,0,1085
1086,1.114039,0,1086
1087,1.885592,1,1087
1088,0.877175,0,1088
1089,1.256201,0,1089
1090,1.006189,0,1090
1091,0.908378,0,1091
1092,1.243935,0,1092
1093,-0.119527,0,1093
1094,0.953253,0,1094
1095,1.199056,0,1095
1096,1.556148,1,1096
1097,-0.486327,0,1097
1098,1.042584,0,1098
1099,0.749152,0,1099
1100,-1.278138,0,1100
1101,0.865178,0,1101
1102,-1.410518,0,1102
1103,0.743395,0,1103
1104,0.680670,0,1104
1105,-0.161160,0,1105
1106,0.834511,0,1106
1107,0.667336,0,1107
1108,0.484268,0,1108
1109,0.601199,0,1109
1110,0.652150,0,1110
1111,0.642041,0,1111
1112,1.808795,1,1112
1113,1.065543,0,1113
1114,0.956105,0,1114
1115,1.278945,0,1115
1116,1.005717,0,1116
1117,-0.219565,0,1117
1118,0.310549,0,1118
1119,-0.382824,0,1119
1120,0.918083,0,1120
1121,0.739464,0,1121
1122,0.646379,0,1122
1123,0.684321,0,1123
1124,0.671462,0,1124
1125,1.130960,0,1125
1126,1.099800,0,1126
1127,0.691566,0,1127
1128,1.173122,0,1128
1129,1.606149,1,1129
1130,0.576679,0,1130
1131,0.679114,0,1131
1132,-0.349075,0,1132
1133,0.760730,0,1133
1134,-0.825442,0,1134
1135,-0.009721,0,1135
1136,-0.371207,0,1136
1137,-0.667569,0,1137
1138,0.534294,0,1138
1139,-1.402017,0,1139
1140,1.846622,1,1140
1141,1.213353,0,1141
1142,1.291232,0,1142
1143,-0.634692,0,1143
1144,1.781855,1,1144
1145,1.193999,0,1145
1146,1.644282,0,1146
1147,-1.858033,0,1147
1148,0.039761,0,1148
1149,-1.350024,0,1149
1150,-1.370442,0,1150
1151,-0.888115,0,1151
1152,-1.354726,0,1152
1153,-1.575177,0,1153
1154,-0.080108,0,1154
1155,-0.061776,0,1155
1156,-1.434775,0,1156
1157,0.545474,0,1157
1158,-1.263396,0,1158
1159,1.080758,1,1159
1160,-0.009516,0,1160
1161,-1.060897,0,1161
1162,-0.181000,0,1162
1163,-1.798296,0,1163
1164,-1.376953,0,1164
1165,0.521212,0,1165
1166,0.125319,0,1166
1167,0.306959,0,1167
1168,-1.046867,0,1168
1169,-1.408868,0,1169
1170,0.546697,0,1170
1171,-0.041487,0,1171
1172,0.524508,0,1172
1173,0.087124,0,1173
1174,0.691781,0,1174
1175,0.499957,0,1175
1176,-1.523802,0,1176
1177,1.138434,1,1177
1178,-0.334348,0,1178
1179,-1.459586,0,1179
1180,-0.462288,0,1180
1181,-0.953098,0,1181
1182,-1.799434,0,1182
1183,0.922059,0,1183
1184,0.951470,0,1184
1185,0.785202,0,1185
1186,0.553290,0,1186
1187,1.129392,0,1187
1188,-1.364630,0,1188
1189,-0.828745,0,1189
1190,0.272163,0,1190
1191,0.443015,0,1191
1192,0.466010,0,1192
1193,0.883474,0,1193
1194,1.257386,1,1194
1195,1.403269,0,1195
1196,1.306187,0,1196
1197,1.424621,0,1197
1198,1.491814,0,1198
1199,1.546248,0,1199
1200,1.746003,1,1200
1201,0.537943,0,1201
1202,1.798366,1,1202
1203,-0.922369,0,1203
1204,-1.499302,0,1204
1205,0.249068,0,1205
1206,-0.300888,0,1206
1207,-0.287398,0,1207
1208,-0.063354,0,1208
1209,-0.795529,0,1209
1210,-0.300047,0,1210
1211,-1.656346,0,1211
1212,-0.919730,0,1212
1213,0.221053,0,1213
1214,0.609906,0,1214
1215,0.886746,0,1215
1216,-0.346249,0,1216
1217,-0.269974,0,1217
1218,1.811201,1,1218
1219,-0.341813,0,1219
1220,1.465350,0,1220
1221,1.513900,0,1221
1222,1.557935,0,1222
1223,1.550073,0,1223
1224,1.511935,0,1224
1225,1.454947,0,1225
1226,-0.314146,0,1226
1227,0.545444,0,1227
1228,-0.755951,0,1228
1229,-0.453731,0,1229
1230,0.530228,0,1230
1231,0.409531,0,1231
1232,1.197801,1,1232
1233,-0.155433,0,1233
1234,-0.331692,0,1234
1235,-0.403643,0,1235
1236,-1.198462,0,1236
1237,1.473066,0,1237
1238,-0.298065,0,1238
1239,-1.025108,0,1239
1240,-0.924284,0,1240
1241,1.389132,0,1241
1242,1.486572,0,1242
1243,-1.005764,0,1243
1244,0.709368,0,1244
1245,1.933723,1,1245
1246,-0.898171,0,1246
1247,0.989388,0,1247
1248,0.804966,0,1248
1249,1.086482,0,1249
1250,1.556032,0,1250
1251,0.112261,0,1251
1252,-0.947871,0,1252
1253,-0.503712,0,1253
1254,-1.492039,0,1254
1255,0.693136,0,1255
1256,0.989576,0,1256
1257,0.423762,0,1257
1258,-1.236731,0,1258
1259,-1.886098,0,1259
1260,0.956153,0,1260
1261,1.156592,0,1261
1262,0.419270,0,1262
1263,1.051066,0,1263
1264,1.361178,0,1264
1265,1.097918,0,1265
1266,0.928090,0,1266
1267,1.288045,0,1267
1268,-1.200563,0,1268
1269,1.251729,0,1269
1270,1.265014,0,1270
1271,-1.144928,0,1271
1272,1.341647,0,1272
1273,1.527611,0,1273
1274,1.127269,0,1274
1275,0.538807,0,1275
1276,1.306379,0,1276
1277,1.863838,1,1277
1278,0.595619,0,1278
1279,0.735075,0,1279
1280,0.768410,0,1280
1281,1.266574,0,1281
1282,1.665496,0,1282
1283,0.747948,0,1283
1284,1.197338,0,1284
1285,1.545562,0,1285
1286,1.204560,0,1286
1287,-0.754277,0,1287
1288,-0.856145,0,1288
1289,-0.752149,0,1289
1290,-1.065082,0,1290
1291,-1.629694,0,1291
1292,-1.184824,0,1292
1293,-1.428400,0,1293
1294,0.060861,0,1294
1295,-1.693809,0,1295
1296,-0.199538,0,1296
1297,-1.333376,0,1297
1298,1.016798,1,1298
1299,0.334647,0,1299
1300,-0.965153,0,1300
1301,0.528337,0,1301
1302,0.429443,0,1302
1303,0.587854,0,1303
1304,-0.776440,0,1304
1305,0.207686,0,1305
1306,0.307528,0,1306
1307,1.525521,1,1307
1308,-1.987033,0,1308
1309,-1.810998,0,1309
1310,-0.105230,0,1310
1311,0.051040,0,1311
1312,0.277539,0,1312
1313,0.071751,0,1313
1314,-1.203806,0,1314
1315,-1.597687,0,1315
1316,-0.284716,0,1316
1317,0.679017,0,1317
1318,0.927324,0,1318
1319,1.558705,1,1319
1320,-0.327079,0,1320
1321,-0.455010,0,1321
1322,0.051524,0,1322
1323,1.129039,0,1323
1324,-1.089726,0,1324
1325,-0.188270,0,1325
1326,0.063296,0,1326
1327,0.484914,0,1327
1328,0.608191,0,1328
1329,0.793909,0,1329
1330,0.812976,0,1330
1331,0.430181,0,1331
1332,0.382213,0,1332
1333,0.554211,0,1333
1334,0.523018,0,1334
1335,0.401065,0,1335
1336,0.395170,0,1336
1337,0.428593,0,1337
1338,0.599043,0,1338
1339,0.832083,0,1339
1340,0.502022,0,1340
1341,0.415455,0,1341
1342,0.599908,0,1342
1343,0.472076,0,1343
1344,-1.525029,0,1344
1345,0.042442,0,1345
1346,0.660595,0,1346
1347,-0.931967,0,1347
1348,-1.194140,0,1348
1349,0.093589,0,1349
1350,0.589564,0,1350
1351,0.506050,0,1351
1352,0.182618,0,1352
1353,-0.143131,0,1353
1354,0.368729,0,1354
1355,-0.212435,0,1355
1356,0.645136,0,1356
1357,0.694054,0,1357
1358,-0.117503,0,1358
1359,0.869473,0,1359
1360,-1.415417,0,1360
1361,1.321461,1,1361
1362,0.504041,0,1362
1363,1.404566,1,1363
1364,-1.162476,0,1364
1365,-0.226105,0,1365
1366,0.326952,0,1366
1367,-0.300825,0,1367
1368,-1.393830,0,1368
1369,0.500475,0,1369
1370,-0.101224,0,1370
1371,0.395210,0,1371
1372,0.820978,0,1372
1373,-0.701431,0,1373
1374,2.076196,1,1374
1375,2.203704,1,1375
1376,1.814469,0,1376
1377,1.369326,0,1377
1378,1.396541,0,1378
1379,-0.154282,0,1379
1380,-1.096514,0,1380
1381,1.607207,0,1381
1382,-1.185878,0,1382
1383,-0.095449,0,1383
1384,-1.007749,0,1384
1385,0.608332,0,1385
1386,0.172342,0,1386
1387,0.485367,0,1387
1388,0.236756,0,1388
1389,1.061687,0,1389
1390,0.476704,0,1390
1391,-1.450382,0,1391
1392,0.363303,0,1392
1393,0.567537,0,1393
1394,-0.244782,0,1394
1395,0.191691,0,1395
1396,0.565785,0,1396
1397,1.538880,1,1397
1398,0.080386,0,1398
1399,0.154997,0,1399
1400,-0.137935,0,1400
1401,-1.129567,0,1401
1402,-1.315449,0,1402
1403,-1.717072,0,1403
1404,-1.025205,0,1404
1405,-1.026783,0,1405
1406,0.436210,0,1406
1407,-1.245194,0,1407
1408,-1.686507,0,1408
1409,-0.389911,0,1409
1410,-0.941688,0,1410
1411,-1.393832,0,1411
1412,-0.018404,0,1412
1413,-1.465092,0,1413
1414,-0.848571,0,1414
1415,-1.000469,0,1415
1416,-0.362145,0,1416
1417,-1.666614,0,1417
1418,-1.863422,0,1418
1419,-0.128782,0,1419
1420,-1.256435,0,1420
1421,0.067305,0,1421
1422,-0.117447,0,1422
1423,-0.039626,0,1423
1424,-0.986223,0,1424
1425,1.437956,1,1425
1426,1.348767,1,1426
1427,1.870231,1,1427
1428,-1.061334,0,1428
1429,-0.177194,0,1429
1430,-1.377241,0,1430
1431,-0.706242,0,1431
1432,-1.031345,0,1432
1433,-0.038461,0,1433
1434,-1.790510,0,1434
1435,-2.042307,0,1435
1436,-1.372738,0,1436
1437,-0.367476,0,1437
1438,0.380604,0,1438
1439,-0.088256,0,1439
1440,-0.211892,0,1440
1441,-0.405677,0,1441
1442,0.048529,0,1442
1443,-1.235848,0,1443
1444,-1.545992,0,1444
1445,-1.243491,0,1445
1446,-0.912402,0,1446
1447,-0.546024,0,1447
1448,0.300076,0,1448
1449,-0.522128,0,1449
1450,-0.759515,0,1450
1451,-0.370085,0,1451
1452,-0.695655,0,1452
1453,0.020647,0,1453
1454,1.332105,1,1454
1455,0.475694,0,1455
