series,timestamp,value,label
series_a,2019-01-14T16:26:37.000Z,0.734466,
series_a,2019-01-14T16:31:37.000Z,0.61084,
series_a,2019-01-14T16:36:37.000Z,0.09217,
series_a,2019-01-14T16:41:37.000Z,-1.030709,
series_a,2019-01-14T16:46:37.000Z,-1.344064,
series_a,2019-01-14T16:51:37.000Z,-1.471525,
series_a,2019-01-14T16:56:37.000Z,0.966392,
series_a,2019-01-14T17:01:37.000Z,-0.998406,
series_a,2019-01-14T17:06:37.000Z,0.308377,
series_a,2019-01-14T17:11:37.000Z,-1.191045,
series_a,2019-01-14T17:16:37.000Z,0.537993,
series_a,2019-01-14T17:21:37.000Z,0.781598,
series_a,2019-01-14T17:26:37.000Z,0.311735,
series_a,2019-01-14T17:31:37.000Z,1.466266,1
series_a,2019-01-14T17:36:37.000Z,0.976103,
series_a,2019-01-14T17:41:37.000Z,0.474954,
series_a,2019-01-14T17:46:37.000Z,-1.232455,
series_a,2019-01-14T17:51:37.000Z,0.009217,
series_a,2019-01-14T17:56:37.000Z,-1.235974,
series_a,2019-01-14T18:01:37.000Z,0.73021,
series_a,2019-01-14T18:06:37.000Z,-2.139794,
series_a,2019-01-14T18:11:37.000Z,-1.085464,
series_a,2019-01-14T18:16:37.000Z,-0.525551,
series_a,2019-01-14T18:21:37.000Z,-1.185264,
series_a,2019-01-14T18:26:37.000Z,0.531496,
series_a,2019-01-14T18:31:37.000Z,-1.561592,
series_a,2019-01-14T18:36:37.000Z,-0.182968,
series_a,2019-01-14T18:41:37.000Z,-1.763956,
series_a,2019-01-14T18:46:37.000Z,-0.467975,
series_a,2019-01-14T18:51:37.000Z,0.306996,
series_a,2019-01-14T18:56:37.000Z,-1.258291,
series_a,2019-01-14T19:01:37.000Z,0.178839,
series_a,2019-01-14T19:06:37.000Z,0.469263,
series_a,2019-01-14T19:11:37.000Z,-0.739975,
series_a,2019-01-14T19:16:37.000Z,-0.305964,
series_a,2019-01-14T19:21:37.000Z,-0.431525,
series_a,2019-01-14T19:26:37.000Z,-1.011848,
series_a,2019-01-14T19:31:37.000Z,0.008058,
series_a,2019-01-14T19:36:37.000Z,0.720428,
series_a,2019-01-14T19:41:37.000Z,-0.266528,
series_a,2019-01-14T19:46:37.000Z,0.798036,1
series_a,2019-01-14T19:51:37.000Z,0.998177,1
series_a,2019-01-14T19:56:37.000Z,-0.141634,
series_a,2019-01-14T20:01:37.000Z,-0.156349,
series_a,2019-01-14T20:06:37.000Z,0.785142,
series_a,2019-01-14T20:11:37.000Z,-1.735081,
series_a,2019-01-14T20:16:37.000Z,-0.537659,
series_a,2019-01-14T20:21:37.000Z,-0.515105,
series_a,2019-01-14T20:26:37.000Z,-0.268857,
series_a,2019-01-14T20:31:37.000Z,-0.117582,
series_a,2019-01-14T20:36:37.000Z,1.07579,1
series_a,2019-01-14T20:41:37.000Z,-0.720343,
series_a,2019-01-14T20:46:37.000Z,1.187116,1
series_a,2019-01-14T20:51:37.000Z,-0.020375,
series_a,2019-01-14T20:56:37.000Z,-2.117482,
series_a,2019-01-14T21:01:37.000Z,-0.422461,
series_a,2019-01-14T21:06:37.000Z,-0.555385,
series_a,2019-01-14T21:11:37.000Z,0.270568,
series_a,2019-01-14T21:16:37.000Z,0.023766,
series_a,2019-01-14T21:21:37.000Z,-0.957018,
series_a,2019-01-14T21:26:37.000Z,-0.339293,
series_a,2019-01-14T21:31:37.000Z,0.874974,1
series_a,2019-01-14T21:36:37.000Z,-0.40321,
series_a,2019-01-14T21:41:37.000Z,-0.44752,
series_a,2019-01-14T21:46:37.000Z,0.10129,
series_a,2019-01-14T21:51:37.000Z,-1.292565,
series_a,2019-01-14T21:56:37.000Z,-1.496067,
series_a,2019-01-14T22:01:37.000Z,-1.34889,
series_a,2019-01-14T22:06:37.000Z,-0.520194,
series_a,2019-01-14T22:11:37.000Z,-1.347561,
series_a,2019-01-14T22:16:37.000Z,-0.955859,
series_a,2019-01-14T22:21:37.000Z,-1.273136,
series_a,2019-01-14T22:26:37.000Z,-1.077787,
series_a,2019-01-14T22:31:37.000Z,-0.164749,
series_a,2019-01-14T22:36:37.000Z,0.142046,1
series_a,2019-01-14T22:41:37.000Z,-1.682743,
series_a,2019-01-14T22:46:37.000Z,-1.518589,
series_a,2019-01-14T22:51:37.000Z,-1.172787,
series_a,2019-01-14T22:56:37.000Z,-1.805599,
series_a,2019-01-14T23:01:37.000Z,-0.695655,
series_a,2019-01-14T23:06:37.000Z,0.921037,1
series_a,2019-01-14T23:11:37.000Z,-0.830511,
series_a,2019-01-14T23:16:37.000Z,-0.887645,
series_a,2019-01-14T23:21:37.000Z,-1.343953,
series_a,2019-01-14T23:26:37.000Z,-0.482676,
series_a,2019-01-14T23:31:37.000Z,-0.888016,
series_a,2019-01-14T23:36:37.000Z,1.250834,1
series_a,2019-01-14T23:41:37.000Z,-1.264429,
series_a,2019-01-14T23:46:37.000Z,-1.208592,
series_a,2019-01-14T23:51:37.000Z,-1.134744,
series_a,2019-01-14T23:56:37.000Z,1.012701,
series_a,2019-01-15T00:01:37.000Z,-0.282632,
series_a,2019-01-15T00:06:37.000Z,0.083138,
series_a,2019-01-15T00:11:37.000Z,-1.508825,
series_a,2019-01-15T00:16:37.000Z,1.152626,
series_a,2019-01-15T00:21:37.000Z,1.36777,
series_a,2019-01-15T00:26:37.000Z,0.467599,
series_a,2019-01-15T00:31:37.000Z,1.353839,
series_a,2019-01-15T00:36:37.000Z,-1.993175,
series_a,2019-01-15T00:41:37.000Z,1.552923,1
series_a,2019-01-15T00:46:37.000Z,0.334117,
series_a,2019-01-15T00:51:37.000Z,1.638592,1
series_a,2019-01-15T00:56:37.000Z,0.503013,
series_a,2019-01-15T01:01:37.000Z,1.376656,
series_a,2019-01-15T01:06:37.000Z,1.604431,1
series_a,2019-01-15T01:11:37.000Z,1.418219,
series_a,2019-01-15T01:16:37.000Z,1.426411,
series_a,2019-01-15T01:21:37.000Z,1.53452,1
series_a,2019-01-15T01:26:37.000Z,0.559704,
series_a,2019-01-15T01:31:37.000Z,0.831184,
series_a,2019-01-15T01:36:37.000Z,1.820346,1
series_a,2019-01-15T01:41:37.000Z,1.757734,1
series_a,2019-01-15T01:46:37.000Z,1.336829,
series_a,2019-01-15T01:51:37.000Z,1.440521,
series_a,2019-01-15T01:56:37.000Z,1.395647,
series_a,2019-01-15T02:01:37.000Z,1.545125,1
series_a,2019-01-15T02:06:37.000Z,-0.961139,
series_a,2019-01-15T02:11:37.000Z,1.496568,1
series_a,2019-01-15T02:16:37.000Z,0.966985,
series_a,2019-01-15T02:21:37.000Z,-0.446495,
series_a,2019-01-15T02:26:37.000Z,0.870978,
series_a,2019-01-15T02:31:37.000Z,-0.761398,
series_a,2019-01-15T02:36:37.000Z,-0.232228,
series_a,2019-01-15T02:41:37.000Z,-0.382844,
series_a,2019-01-15T02:46:37.000Z,-0.139392,
series_a,2019-01-15T02:51:37.000Z,0.237961,
series_a,2019-01-15T02:56:37.000Z,0.23893,
series_a,2019-01-15T03:01:37.000Z,-0.311532,
series_a,2019-01-15T03:06:37.000Z,-1.424574,
series_a,2019-01-15T03:11:37.000Z,-1.209814,
series_a,2019-01-15T03:16:37.000Z,-1.182728,
series_a,2019-01-15T03:21:37.000Z,0.662178,
series_a,2019-01-15T03:26:37.000Z,0.796357,
series_a,2019-01-15T03:31:37.000Z,1.097501,1
series_a,2019-01-15T03:36:37.000Z,0.76518,
series_a,2019-01-15T03:41:37.000Z,-0.93307,
series_a,2019-01-15T03:46:37.000Z,-1.144858,
series_a,2019-01-15T03:51:37.000Z,-0.16055,
series_a,2019-01-15T03:56:37.000Z,-1.74233,
series_a,2019-01-15T04:01:37.000Z,-1.924098,
series_a,2019-01-15T04:06:37.000Z,1.455657,1
series_a,2019-01-15T04:11:37.000Z,1.107656,
series_a,2019-01-15T04:16:37.000Z,1.040237,
series_a,2019-01-15T04:21:37.000Z,-0.267507,
series_a,2019-01-15T04:26:37.000Z,0.959402,
series_a,2019-01-15T04:31:37.000Z,1.642944,
series_a,2019-01-15T04:36:37.000Z,0.808456,
series_a,2019-01-15T04:41:37.000Z,1.627782,
series_a,2019-01-15T04:46:37.000Z,1.317081,
series_a,2019-01-15T04:51:37.000Z,1.687353,1
series_a,2019-01-15T04:56:37.000Z,1.657029,
series_a,2019-01-15T05:01:37.000Z,-0.926156,
series_a,2019-01-15T05:06:37.000Z,1.776811,1
series_a,2019-01-15T05:11:37.000Z,0.899392,
series_a,2019-01-15T05:16:37.000Z,1.400365,
series_a,2019-01-15T05:21:37.000Z,-1.399554,
series_a,2019-01-15T05:26:37.000Z,-1.740159,
series_a,2019-01-15T05:31:37.000Z,1.335901,
series_a,2019-01-15T05:36:37.000Z,1.273066,
series_a,2019-01-15T05:41:37.000Z,0.312581,
series_a,2019-01-15T05:46:37.000Z,1.458539,
series_a,2019-01-15T05:51:37.000Z,1.40279,
series_a,2019-01-15T05:56:37.000Z,1.12968,
series_a,2019-01-15T06:01:37.000Z,1.308529,
series_a,2019-01-15T06:06:37.000Z,1.580284,1
series_a,2019-01-15T06:11:37.000Z,-1.049675,
series_a,2019-01-15T06:16:37.000Z,1.479896,1
series_a,2019-01-15T06:21:37.000Z,1.092144,
series_a,2019-01-15T06:26:37.000Z,0.011865,
series_a,2019-01-15T06:31:37.000Z,0.779085,
series_a,2019-01-15T06:36:37.000Z,-0.091933,
series_a,2019-01-15T06:41:37.000Z,1.104367,
series_a,2019-01-15T06:46:37.000Z,1.074963,
series_a,2019-01-15T06:51:37.000Z,0.417013,
series_a,2019-01-15T06:56:37.000Z,0.17233,
series_a,2019-01-15T07:01:37.000Z,0.750166,
series_a,2019-01-15T07:06:37.000Z,0.479063,
series_a,2019-01-15T07:11:37.000Z,-0.492456,
series_a,2019-01-15T07:16:37.000Z,-1.651562,
series_a,2019-01-15T07:21:37.000Z,0.669399,
series_a,2019-01-15T07:26:37.000Z,-0.081507,
series_a,2019-01-15T07:31:37.000Z,1.384627,
series_a,2019-01-15T07:36:37.000Z,1.267118,
series_a,2019-01-15T07:41:37.000Z,1.638403,1
series_a,2019-01-15T07:46:37.000Z,1.356188,
series_a,2019-01-15T07:51:37.000Z,-0.097913,
series_a,2019-01-15T07:56:37.000Z,1.590676,
series_a,2019-01-15T08:01:37.000Z,1.388173,
series_a,2019-01-15T08:06:37.000Z,1.417011,
series_a,2019-01-15T08:11:37.000Z,1.269357,
series_a,2019-01-15T08:16:37.000Z,1.690553,
series_a,2019-01-15T08:21:37.000Z,1.845779,1
series_a,2019-01-15T08:26:37.000Z,1.921929,1
series_a,2019-01-15T08:31:37.000Z,-0.931102,
series_a,2019-01-15T08:36:37.000Z,-1.211336,
series_a,2019-01-15T08:41:37.000Z,-0.548727,
series_a,2019-01-15T08:46:37.000Z,1.701474,1
series_a,2019-01-15T08:51:37.000Z,1.416172,
series_a,2019-01-15T08:56:37.000Z,1.175302,
series_a,2019-01-15T09:01:37.000Z,0.541739,
series_a,2019-01-15T09:06:37.000Z,0.434756,
series_a,2019-01-15T09:11:37.000Z,1.088452,
series_a,2019-01-15T09:16:37.000Z,1.348158,
series_a,2019-01-15T09:21:37.000Z,1.527925,
series_a,2019-01-15T09:26:37.000Z,1.282961,
series_a,2019-01-15T09:31:37.000Z,1.032627,
series_a,2019-01-15T09:36:37.000Z,-0.867533,
series_a,2019-01-15T09:41:37.000Z,-0.970996,
series_a,2019-01-15T09:46:37.000Z,-0.48749,
series_a,2019-01-15T09:51:37.000Z,1.057581,
series_a,2019-01-15T09:56:37.000Z,1.41043,
series_a,2019-01-15T10:01:37.000Z,1.025087,
series_a,2019-01-15T10:06:37.000Z,1.151481,
series_a,2019-01-15T10:11:37.000Z,1.360267,
series_a,2019-01-15T10:16:37.000Z,0.599299,
series_a,2019-01-15T10:21:37.000Z,1.142062,
series_a,2019-01-15T10:26:37.000Z,1.322071,
series_a,2019-01-15T10:31:37.000Z,1.463334,1
series_a,2019-01-15T10:36:37.000Z,1.438046,1
series_a,2019-01-15T10:41:37.000Z,1.618069,1
series_a,2019-01-15T10:46:37.000Z,1.011483,
series_a,2019-01-15T10:51:37.000Z,1.408216,
series_a,2019-01-15T10:56:37.000Z,0.549067,
series_a,2019-01-15T11:01:37.000Z,0.995093,
series_a,2019-01-15T11:06:37.000Z,1.164784,
series_a,2019-01-15T11:11:37.000Z,-1.047057,
series_a,2019-01-15T11:16:37.000Z,-0.726113,
series_a,2019-01-15T11:21:37.000Z,-0.997983,
series_a,2019-01-15T11:26:37.000Z,0.694708,
series_a,2019-01-15T11:31:37.000Z,-0.3284,
series_a,2019-01-15T11:36:37.000Z,-0.318325,
series_a,2019-01-15T11:41:37.000Z,1.139794,1
series_a,2019-01-15T11:46:37.000Z,-0.265971,
series_a,2019-01-15T11:51:37.000Z,-0.208402,
series_a,2019-01-15T11:56:37.000Z,-0.079221,
series_a,2019-01-15T12:01:37.000Z,-0.154111,
series_a,2019-01-15T12:06:37.000Z,-0.182543,
series_a,2019-01-15T12:11:37.000Z,-0.225803,
series_a,2019-01-15T12:16:37.000Z,-0.014194,
series_a,2019-01-15T12:21:37.000Z,0.084541,
series_a,2019-01-15T12:26:37.000Z,-0.012693,
series_a,2019-01-15T12:31:37.000Z,0.084393,
series_a,2019-01-15T12:36:37.000Z,0.421679,
series_a,2019-01-15T12:41:37.000Z,-0.11878,
series_a,2019-01-15T12:46:37.000Z,-0.168214,
series_a,2019-01-15T12:51:37.000Z,0.615702,
series_a,2019-01-15T12:56:37.000Z,0.485618,
series_a,2019-01-15T13:01:37.000Z,0.588205,
series_a,2019-01-15T13:06:37.000Z,1.141693,1
series_a,2019-01-15T13:11:37.000Z,0.759473,
series_a,2019-01-15T13:16:37.000Z,-1.190363,
series_a,2019-01-15T13:21:37.000Z,0.21878,
series_a,2019-01-15T13:26:37.000Z,-1.548345,
series_a,2019-01-15T13:31:37.000Z,-1.734999,
series_a,2019-01-15T13:36:37.000Z,0.08372,
series_a,2019-01-15T13:41:37.000Z,-1.317001,
series_a,2019-01-15T13:46:37.000Z,-0.53545,
series_a,2019-01-15T13:51:37.000Z,-0.279703,
series_a,2019-01-15T13:56:37.000Z,-0.156541,
series_a,2019-01-15T14:01:37.000Z,0.795024,
series_a,2019-01-15T14:06:37.000Z,1.097223,
series_a,2019-01-15T14:11:37.000Z,1.296865,1
series_a,2019-01-15T14:16:37.000Z,1.142079,
series_a,2019-01-15T14:21:37.000Z,1.289244,1
series_a,2019-01-15T14:26:37.000Z,0.274704,
series_a,2019-01-15T14:31:37.000Z,0.687553,
series_a,2019-01-15T14:36:37.000Z,0.905307,
series_a,2019-01-15T14:41:37.000Z,0.801346,
series_a,2019-01-15T14:46:37.000Z,0.885897,
series_a,2019-01-15T14:51:37.000Z,0.436335,
series_a,2019-01-15T14:56:37.000Z,1.430247,1
series_a,2019-01-15T15:01:37.000Z,-0.015565,
series_a,2019-01-15T15:06:37.000Z,1.335419,
series_a,2019-01-15T15:11:37.000Z,0.384523,
series_a,2019-01-15T15:16:37.000Z,-0.104019,
series_a,2019-01-15T15:21:37.000Z,-0.737298,
series_a,2019-01-15T15:26:37.000Z,-0.01284,
series_a,2019-01-15T15:31:37.000Z,1.282654,
series_a,2019-01-15T15:36:37.000Z,0.355736,
series_a,2019-01-15T15:41:37.000Z,0.366607,
series_a,2019-01-15T15:46:37.000Z,-1.503915,
series_a,2019-01-15T15:51:37.000Z,0.509226,
series_a,2019-01-15T15:56:37.000Z,-0.385779,
series_a,2019-01-15T16:01:37.000Z,-0.530638,
series_a,2019-01-15T16:06:37.000Z,2.048592,1
series_a,2019-01-15T16:11:37.000Z,0.129678,
series_a,2019-01-15T16:16:37.000Z,0.744916,
series_a,2019-01-15T16:21:37.000Z,0.31195,
series_a,2019-01-15T16:26:37.000Z,-0.423347,
series_a,2019-01-15T16:31:37.000Z,-1.487509,
series_a,2019-01-15T16:36:37.000Z,-0.163893,
series_a,2019-01-15T16:41:37.000Z,0.095981,
series_a,2019-01-15T16:46:37.000Z,0.906862,1
series_a,2019-01-15T16:51:37.000Z,-0.665123,
series_a,2019-01-15T16:56:37.000Z,0.638545,
series_a,2019-01-15T17:01:37.000Z,0.551115,
series_a,2019-01-15T17:06:37.000Z,-0.437395,
series_a,2019-01-15T17:11:37.000Z,-0.805101,
series_a,2019-01-15T17:16:37.000Z,-0.619856,
series_a,2019-01-15T17:21:37.000Z,-1.455151,
series_a,2019-01-15T17:26:37.000Z,-0.248078,
series_a,2019-01-15T17:31:37.000Z,-0.575774,
series_a,2019-01-15T17:36:37.000Z,-0.174944,
series_a,2019-01-15T17:41:37.000Z,-0.476092,
series_a,2019-01-15T17:46:37.000Z,-0.897115,
series_a,2019-01-15T17:51:37.000Z,-1.40275,
series_a,2019-01-15T17:56:37.000Z,-0.92576,
series_a,2019-01-15T18:01:37.000Z,-0.529991,
series_a,2019-01-15T18:06:37.000Z,-1.384439,
series_a,2019-01-15T18:11:37.000Z,0.622703,
series_a,2019-01-15T18:16:37.000Z,-1.030541,
series_a,2019-01-15T18:21:37.000Z,-0.446478,
series_a,2019-01-15T18:26:37.000Z,0.841939,1
series_a,2019-01-15T18:31:37.000Z,1.028807,1
series_a,2019-01-15T18:36:37.000Z,-0.202687,
series_a,2019-01-15T18:41:37.000Z,-1.404063,
series_a,2019-01-15T18:46:37.000Z,0.125172,
series_a,2019-01-15T18:51:37.000Z,-1.488172,
series_a,2019-01-15T18:56:37.000Z,-0.452164,
series_a,2019-01-15T19:01:37.000Z,-1.649081,
series_a,2019-01-15T19:06:37.000Z,-0.875149,
series_a,2019-01-15T19:11:37.000Z,-0.781285,
series_a,2019-01-15T19:16:37.000Z,-0.787224,
series_a,2019-01-15T19:21:37.000Z,0.263694,
series_a,2019-01-15T19:26:37.000Z,0.170728,
series_a,2019-01-15T19:31:37.000Z,0.0256,
series_a,2019-01-15T19:36:37.000Z,-1.555418,
series_a,2019-01-15T19:41:37.000Z,0.062122,
series_a,2019-01-15T19:46:37.000Z,0.244546,
series_a,2019-01-15T19:51:37.000Z,-0.536296,
series_a,2019-01-15T19:56:37.000Z,-0.722946,
series_a,2019-01-15T20:01:37.000Z,-0.005,
series_a,2019-01-15T20:06:37.000Z,0.516097,1
series_a,2019-01-15T20:11:37.000Z,0.156784,
series_a,2019-01-15T20:16:37.000Z,-0.018083,
series_a,2019-01-15T20:21:37.000Z,0.711104,1
series_a,2019-01-15T20:26:37.000Z,-0.043588,
series_a,2019-01-15T20:31:37.000Z,0.288183,
series_a,2019-01-15T20:36:37.000Z,-0.055937,
series_a,2019-01-15T20:41:37.000Z,-0.229879,
series_a,2019-01-15T20:46:37.000Z,0.213334,
series_a,2019-01-15T20:51:37.000Z,0.768663,1
series_a,2019-01-15T20:56:37.000Z,-1.081745,
series_a,2019-01-15T21:01:37.000Z,-1.518942,
series_a,2019-01-15T21:06:37.000Z,0.567006,
series_a,2019-01-15T21:11:37.000Z,0.178772,
series_a,2019-01-15T21:16:37.000Z,-1.925231,
series_a,2019-01-15T21:21:37.000Z,0.041851,
series_a,2019-01-15T21:26:37.000Z,-1.185816,
series_a,2019-01-15T21:31:37.000Z,-0.885501,
series_a,2019-01-15T21:36:37.000Z,-1.397606,
series_a,2019-01-15T21:41:37.000Z,-0.621092,
series_a,2019-01-15T21:46:37.000Z,0.751914,1
series_a,2019-01-15T21:51:37.000Z,-1.696795,
series_a,2019-01-15T21:56:37.000Z,0.898196,1
series_a,2019-01-15T22:01:37.000Z,-0.78009,
series_a,2019-01-15T22:06:37.000Z,-0.116644,
series_a,2019-01-15T22:11:37.000Z,-0.843192,
series_a,2019-01-15T22:16:37.000Z,-2.266845,
series_a,2019-01-15T22:21:37.000Z,-1.402575,
series_a,2019-01-15T22:26:37.000Z,-0.012534,
series_a,2019-01-15T22:31:37.000Z,0.109674,
series_a,2019-01-15T22:36:37.000Z,-0.09568,
series_a,2019-01-15T22:41:37.000Z,0.14773,
series_a,2019-01-15T22:46:37.000Z,0.135856,
series_a,2019-01-15T22:51:37.000Z,0.146095,
series_a,2019-01-15T22:56:37.000Z,0.125439,
series_a,2019-01-15T23:01:37.000Z,0.827609,1
series_a,2019-01-15T23:06:37.000Z,0.317298,
series_a,2019-01-15T23:11:37.000Z,-1.297422,
series_a,2019-01-15T23:16:37.000Z,-1.382845,
series_a,2019-01-15T23:21:37.000Z,-1.522026,
series_a,2019-01-15T23:26:37.000Z,0.560583,
series_a,2019-01-15T23:31:37.000Z,0.456107,
series_a,2019-01-15T23:36:37.000Z,-0.36234,
series_a,2019-01-15T23:41:37.000Z,-1.241742,
series_a,2019-01-15T23:46:37.000Z,-0.805965,
series_a,2019-01-15T23:51:37.000Z,-0.841297,
series_a,2019-01-15T23:56:37.000Z,0.339316,
series_a,2019-01-16T00:01:37.000Z,0.652738,
series_a,2019-01-16T00:06:37.000Z,0.389369,
series_a,2019-01-16T00:11:37.000Z,0.28061,
series_a,2019-01-16T00:16:37.000Z,0.519875,
series_a,2019-01-16T00:21:37.000Z,-2.032563,
series_a,2019-01-16T00:26:37.000Z,-0.609008,
series_a,2019-01-16T00:31:37.000Z,-0.844145,
series_a,2019-01-16T00:36:37.000Z,-0.621775,
series_a,2019-01-16T00:41:37.000Z,0.758973,
series_a,2019-01-16T00:46:37.000Z,-0.054282,
series_a,2019-01-16T00:51:37.000Z,0.023478,
series_a,2019-01-16T00:56:37.000Z,-0.111381,
series_a,2019-01-16T01:01:37.000Z,0.658452,
series_a,2019-01-16T01:06:37.000Z,-1.978965,
series_a,2019-01-16T01:11:37.000Z,0.410138,
series_a,2019-01-16T01:16:37.000Z,1.585911,1
series_a,2019-01-16T01:21:37.000Z,-0.936514,
series_a,2019-01-16T01:26:37.000Z,-0.688747,
series_a,2019-01-16T01:31:37.000Z,1.249549,1
series_a,2019-01-16T01:36:37.000Z,1.352672,1
series_a,2019-01-16T01:41:37.000Z,1.238071,1
series_a,2019-01-16T01:46:37.000Z,-1.040082,
series_a,2019-01-16T01:51:37.000Z,-1.004237,
series_a,2019-01-16T01:56:37.000Z,-0.30196,
series_a,2019-01-16T02:01:37.000Z,-0.123498,
series_a,2019-01-16T02:06:37.000Z,-0.940828,
series_a,2019-01-16T02:11:37.000Z,0.556386,
series_a,2019-01-16T02:16:37.000Z,-1.637394,
series_a,2019-01-16T02:21:37.000Z,-0.871336,
series_a,2019-01-16T02:26:37.000Z,-0.668454,
series_a,2019-01-16T02:31:37.000Z,-0.685423,
series_a,2019-01-16T02:36:37.000Z,1.643818,1
series_a,2019-01-16T02:41:37.000Z,0.180262,
series_a,2019-01-16T02:46:37.000Z,-1.675051,
series_a,2019-01-16T02:51:37.000Z,-1.784389,
series_a,2019-01-16T02:56:37.000Z,-1.682256,
series_a,2019-01-16T03:01:37.000Z,-1.332964,
series_a,2019-01-16T03:06:37.000Z,-1.295607,
series_a,2019-01-16T03:11:37.000Z,-1.241872,
series_a,2019-01-16T03:16:37.000Z,0.198864,
series_a,2019-01-16T03:21:37.000Z,-0.702183,
series_a,2019-01-16T03:26:37.000Z,-0.329539,
series_a,2019-01-16T03:31:37.000Z,-1.433731,
series_a,2019-01-16T03:36:37.000Z,0.133604,
series_a,2019-01-16T03:41:37.000Z,1.132455,1
series_a,2019-01-16T03:46:37.000Z,0.939872,1
series_a,2019-01-16T03:51:37.000Z,-0.643152,
series_a,2019-01-16T03:56:37.000Z,-1.054935,
series_a,2019-01-16T04:01:37.000Z,-1.044149,
series_a,2019-01-16T04:06:37.000Z,-1.763382,
series_a,2019-01-16T04:11:37.000Z,0.194634,
series_a,2019-01-16T04:16:37.000Z,-0.035195,
series_a,2019-01-16T04:21:37.000Z,-0.357705,
series_a,2019-01-16T04:26:37.000Z,0.796677,1
series_a,2019-01-16T04:31:37.000Z,-0.652779,
series_a,2019-01-16T04:36:37.000Z,0.488021,
series_a,2019-01-16T04:41:37.000Z,-0.90824,
series_a,2019-01-16T04:46:37.000Z,-0.439608,
series_a,2019-01-16T04:51:37.000Z,-0.28482,
series_a,2019-01-16T04:56:37.000Z,-1.080147,
series_a,2019-01-16T05:01:37.000Z,-1.108544,
series_a,2019-01-16T05:06:37.000Z,-0.86985,
series_a,2019-01-16T05:11:37.000Z,0.335417,
series_a,2019-01-16T05:16:37.000Z,-1.775671,
series_a,2019-01-16T05:21:37.000Z,-0.707749,
series_a,2019-01-16T05:26:37.000Z,-1.341473,
series_a,2019-01-16T05:31:37.000Z,-0.796128,
series_a,2019-01-16T05:36:37.000Z,-0.689323,
series_a,2019-01-16T05:41:37.000Z,0.062713,
series_a,2019-01-16T05:46:37.000Z,-1.676136,
series_a,2019-01-16T05:51:37.000Z,-1.412072,
series_a,2019-01-16T05:56:37.000Z,-0.810947,
series_a,2019-01-16T06:01:37.000Z,-0.914283,
series_a,2019-01-16T06:06:37.000Z,0.407954,
series_a,2019-01-16T06:11:37.000Z,-1.119949,
series_a,2019-01-16T06:16:37.000Z,1.295853,1
series_a,2019-01-16T06:21:37.000Z,-1.158962,
series_a,2019-01-16T06:26:37.000Z,-1.079633,
series_a,2019-01-16T06:31:37.000Z,-0.547459,
series_a,2019-01-16T06:36:37.000Z,-1.625261,
series_a,2019-01-16T06:41:37.000Z,-1.508026,
series_a,2019-01-16T06:46:37.000Z,-0.947693,
series_a,2019-01-16T06:51:37.000Z,-1.977377,
series_a,2019-01-16T06:56:37.000Z,-1.882653,
series_a,2019-01-16T07:01:37.000Z,0.298793,
series_a,2019-01-16T07:06:37.000Z,-0.875846,
series_a,2019-01-16T07:11:37.000Z,-1.411276,
series_a,2019-01-16T07:16:37.000Z,0.022726,
series_a,2019-01-16T07:21:37.000Z,-1.702641,
series_a,2019-01-16T07:26:37.000Z,-1.451309,
series_a,2019-01-16T07:31:37.000Z,-1.491523,
series_a,2019-01-16T07:36:37.000Z,-1.005433,
series_a,2019-01-16T07:41:37.000Z,0.28836,
series_a,2019-01-16T07:46:37.000Z,0.380366,
series_a,2019-01-16T07:51:37.000Z,0.781643,1
series_a,2019-01-16T07:56:37.000Z,-1.623195,
series_a,2019-01-16T08:01:37.000Z,-1.123677,
series_a,2019-01-16T08:06:37.000Z,-0.11474,
series_a,2019-01-16T08:11:37.000Z,-0.33487,
series_a,2019-01-16T08:16:37.000Z,-0.03426,
series_a,2019-01-16T08:21:37.000Z,-1.830035,
series_a,2019-01-16T08:26:37.000Z,-0.664244,
series_a,2019-01-16T08:31:37.000Z,-0.493006,
series_a,2019-01-16T08:36:37.000Z,-0.398214,
series_a,2019-01-16T08:41:37.000Z,-1.462262,
series_a,2019-01-16T08:46:37.000Z,-0.5981,
series_a,2019-01-16T08:51:37.000Z,0.260177,
series_a,2019-01-16T08:56:37.000Z,0.403145,
series_a,2019-01-16T09:01:37.000Z,0.302993,
series_a,2019-01-16T09:06:37.000Z,-1.563976,
series_a,2019-01-16T09:11:37.000Z,-1.753204,
series_a,2019-01-16T09:16:37.000Z,-0.190791,
series_a,2019-01-16T09:21:37.000Z,0.494415,
series_a,2019-01-16T09:26:37.000Z,-1.294921,
series_a,2019-01-16T09:31:37.000Z,-1.754275,
series_a,2019-01-16T09:36:37.000Z,-0.383339,
series_a,2019-01-16T09:41:37.000Z,-1.348956,
series_a,2019-01-16T09:46:37.000Z,-0.328997,
series_a,2019-01-16T09:51:37.000Z,-0.326381,
series_a,2019-01-16T09:56:37.000Z,0.722286,
series_a,2019-01-16T10:01:37.000Z,-1.22602,
series_a,2019-01-16T10:06:37.000Z,0.780921,1
series_a,2019-01-16T10:11:37.000Z,0.644988,
series_a,2019-01-16T10:16:37.000Z,0.435629,
series_a,2019-01-16T10:21:37.000Z,1.049774,1
series_a,2019-01-16T10:26:37.000Z,0.564322,
series_a,2019-01-16T10:31:37.000Z,0.014355,
series_a,2019-01-16T10:36:37.000Z,-1.267291,
series_a,2019-01-16T10:41:37.000Z,-0.313535,
series_a,2019-01-16T10:46:37.000Z,-1.136046,
series_a,2019-01-16T10:51:37.000Z,-1.601615,
series_a,2019-01-16T10:56:37.000Z,0.7869,
series_a,2019-01-16T11:01:37.000Z,-0.596707,
series_a,2019-01-16T11:06:37.000Z,0.425718,
series_a,2019-01-16T11:11:37.000Z,-1.70087,
series_a,2019-01-16T11:16:37.000Z,-1.420876,
series_a,2019-01-16T11:21:37.000Z,-0.173675,
series_a,2019-01-16T11:26:37.000Z,-1.415464,
series_a,2019-01-16T11:31:37.000Z,-1.960296,
series_a,2019-01-16T11:36:37.000Z,-1.698976,
series_a,2019-01-16T11:41:37.000Z,0.012431,
series_a,2019-01-16T11:46:37.000Z,-0.842313,
series_a,2019-01-16T11:51:37.000Z,-0.390186,
series_a,2019-01-16T11:56:37.000Z,-0.983943,
series_a,2019-01-16T12:01:37.000Z,0.987607,
series_a,2019-01-16T12:06:37.000Z,-1.503919,
series_a,2019-01-16T12:11:37.000Z,1.323694,1
series_a,2019-01-16T12:16:37.000Z,1.368712,1
series_a,2019-01-16T12:21:37.000Z,1.640613,1
series_a,2019-01-16T12:26:37.000Z,-0.781021,
series_a,2019-01-16T12:31:37.000Z,-0.922077,
series_a,2019-01-16T12:36:37.000Z,1.419948,
series_a,2019-01-16T12:41:37.000Z,-0.991817,
series_a,2019-01-16T12:46:37.000Z,0.100356,
series_a,2019-01-16T12:51:37.000Z,1.66984,1
series_a,2019-01-16T12:56:37.000Z,1.415011,
series_a,2019-01-16T13:01:37.000Z,-1.497583,
series_a,2019-01-16T13:06:37.000Z,0.441801,
series_a,2019-01-16T13:11:37.000Z,1.361525,
series_a,2019-01-16T13:16:37.000Z,0.454852,
series_a,2019-01-16T13:21:37.000Z,1.541565,1
series_a,2019-01-16T13:26:37.000Z,0.91627,
series_a,2019-01-16T13:31:37.000Z,0.98837,
series_a,2019-01-16T13:36:37.000Z,1.028646,
series_a,2019-01-16T13:41:37.000Z,1.699362,1
series_a,2019-01-16T13:46:37.000Z,1.110919,
series_a,2019-01-16T13:51:37.000Z,1.073673,
series_a,2019-01-16T13:56:37.000Z,0.984626,
series_a,2019-01-16T14:01:37.000Z,0.960914,
series_a,2019-01-16T14:06:37.000Z,0.803419,
series_a,2019-01-16T14:11:37.000Z,0.865264,
series_a,2019-01-16T14:16:37.000Z,0.765664,
series_a,2019-01-16T14:21:37.000Z,-1.455361,
series_a,2019-01-16T14:26:37.000Z,0.770331,
series_a,2019-01-16T14:31:37.000Z,1.216375,
series_a,2019-01-16T14:36:37.000Z,1.550478,1
series_a,2019-01-16T14:41:37.000Z,1.561775,1
series_a,2019-01-16T14:46:37.000Z,1.067303,
series_a,2019-01-16T14:51:37.000Z,1.447475,1
series_a,2019-01-16T14:56:37.000Z,1.095111,
series_a,2019-01-16T15:01:37.000Z,1.383912,1
series_a,2019-01-16T15:06:37.000Z,-1.205082,
series_a,2019-01-16T15:11:37.000Z,1.434529,1
series_a,2019-01-16T15:16:37.000Z,0.127461,
series_a,2019-01-16T15:21:37.000Z,-0.043221,
series_a,2019-01-16T15:26:37.000Z,0.645268,
series_a,2019-01-16T15:31:37.000Z,0.586909,
series_a,2019-01-16T15:36:37.000Z,0.412041,
series_a,2019-01-16T15:41:37.000Z,0.752814,
series_a,2019-01-16T15:46:37.000Z,0.868504,
series_a,2019-01-16T15:51:37.000Z,-0.086493,
series_a,2019-01-16T15:56:37.000Z,-0.185281,
series_a,2019-01-16T16:01:37.000Z,0.917781,
series_a,2019-01-16T16:06:37.000Z,-0.737019,
series_a,2019-01-16T16:11:37.000Z,-1.052838,
series_a,2019-01-16T16:16:37.000Z,0.945334,
series_a,2019-01-16T16:21:37.000Z,0.937782,
series_a,2019-01-16T16:26:37.000Z,0.683943,
series_a,2019-01-16T16:31:37.000Z,1.092528,
series_a,2019-01-16T16:36:37.000Z,1.32201,1
series_a,2019-01-16T16:41:37.000Z,1.041841,
series_a,2019-01-16T16:46:37.000Z,1.27701,1
series_a,2019-01-16T16:51:37.000Z,-1.340193,
series_a,2019-01-16T16:56:37.000Z,0.964479,
series_a,2019-01-16T17:01:37.000Z,0.465134,
series_a,2019-01-16T17:06:37.000Z,-0.053032,
series_a,2019-01-16T17:11:37.000Z,0.965307,
series_a,2019-01-16T17:16:37.000Z,0.892207,
series_a,2019-01-16T17:21:37.000Z,0.184803,
series_a,2019-01-16T17:26:37.000Z,0.99957,
series_a,2019-01-16T17:31:37.000Z,0.659571,
series_a,2019-01-16T17:36:37.000Z,0.837308,
series_a,2019-01-16T17:41:37.000Z,-0.319605,
series_a,2019-01-16T17:46:37.000Z,-1.304711,
series_a,2019-01-16T17:51:37.000Z,0.478322,
series_a,2019-01-16T17:56:37.000Z,1.245575,
series_a,2019-01-16T18:01:37.000Z,1.240572,1
series_a,2019-01-16T18:06:37.000Z,1.261762,1
series_a,2019-01-16T18:11:37.000Z,1.382364,1
series_a,2019-01-16T18:16:37.000Z,0.995878,
series_a,2019-01-16T18:21:37.000Z,1.14225,
series_a,2019-01-16T18:26:37.000Z,1.346399,1
series_a,2019-01-16T18:31:37.000Z,-0.792056,
series_a,2019-01-16T18:36:37.000Z,1.344927,1
series_a,2019-01-16T18:41:37.000Z,0.243627,
series_a,2019-01-16T18:46:37.000Z,0.088093,
series_a,2019-01-16T18:51:37.000Z,0.001794,
series_a,2019-01-16T18:56:37.000Z,-0.109748,
series_a,2019-01-16T19:01:37.000Z,-0.20107,
series_a,2019-01-16T19:06:37.000Z,-0.117051,
series_a,2019-01-16T19:11:37.000Z,-0.06343,
series_a,2019-01-16T19:16:37.000Z,-0.397453,
series_a,2019-01-16T19:21:37.000Z,0.281408,
series_a,2019-01-16T19:26:37.000Z,0.011695,
series_a,2019-01-16T19:31:37.000Z,-0.071462,
series_a,2019-01-16T19:36:37.000Z,0.292527,
series_a,2019-01-16T19:41:37.000Z,-0.120421,
series_a,2019-01-16T19:46:37.000Z,1.201719,1
series_a,2019-01-16T19:51:37.000Z,1.324696,1
series_a,2019-01-16T19:56:37.000Z,1.288521,1
series_a,2019-01-16T20:01:37.000Z,1.317468,1
series_a,2019-01-16T20:06:37.000Z,1.246651,1
series_a,2019-01-16T20:11:37.000Z,0.569276,
series_a,2019-01-16T20:16:37.000Z,0.374013,
series_a,2019-01-16T20:21:37.000Z,0.400013,
series_a,2019-01-16T20:26:37.000Z,0.437802,
series_a,2019-01-16T20:31:37.000Z,0.53002,
series_a,2019-01-16T20:36:37.000Z,0.924442,
series_a,2019-01-16T20:41:37.000Z,1.166712,1
series_a,2019-01-16T20:46:37.000Z,1.122614,
series_a,2019-01-16T20:51:37.000Z,0.629505,
series_a,2019-01-16T20:56:37.000Z,0.451528,
series_a,2019-01-16T21:01:37.000Z,0.94036,
series_a,2019-01-16T21:06:37.000Z,1.068791,
series_a,2019-01-16T21:11:37.000Z,0.921383,
series_a,2019-01-16T21:16:37.000Z,0.825845,
series_a,2019-01-16T21:21:37.000Z,-1.74881,
series_a,2019-01-16T21:26:37.000Z,1.052821,
series_a,2019-01-16T21:31:37.000Z,0.736777,
series_a,2019-01-16T21:36:37.000Z,0.181959,
series_a,2019-01-16T21:41:37.000Z,0.804674,
series_a,2019-01-16T21:46:37.000Z,0.597815,
series_a,2019-01-16T21:51:37.000Z,0.914297,
series_a,2019-01-16T21:56:37.000Z,-1.278472,
series_a,2019-01-16T22:01:37.000Z,0.946669,
series_a,2019-01-16T22:06:37.000Z,-0.647106,
series_a,2019-01-16T22:11:37.000Z,-0.391753,
series_a,2019-01-16T22:16:37.000Z,-0.936764,
series_a,2019-01-16T22:21:37.000Z,0.923324,
series_a,2019-01-16T22:26:37.000Z,-0.215517,
series_a,2019-01-16T22:31:37.000Z,0.07559,
series_a,2019-01-16T22:36:37.000Z,1.408343,1
series_a,2019-01-16T22:41:37.000Z,-0.017006,
series_a,2019-01-16T22:46:37.000Z,1.085455,
series_a,2019-01-16T22:51:37.000Z,0.908742,
series_a,2019-01-16T22:56:37.000Z,0.796924,
series_a,2019-01-16T23:01:37.000Z,0.297285,
series_a,2019-01-16T23:06:37.000Z,-0.150602,
series_a,2019-01-16T23:11:37.000Z,0.998515,
series_a,2019-01-16T23:16:37.000Z,-1.289549,
series_a,2019-01-16T23:21:37.000Z,-0.968755,
series_a,2019-01-16T23:26:37.000Z,-1.21112,
series_a,2019-01-16T23:31:37.000Z,-1.545723,
series_a,2019-01-16T23:36:37.000Z,-1.15858,
series_a,2019-01-16T23:41:37.000Z,-1.244839,
series_a,2019-01-16T23:46:37.000Z,0.670404,
series_a,2019-01-16T23:51:37.000Z,1.289597,1
series_a,2019-01-16T23:56:37.000Z,-1.406531,
series_a,2019-01-17T00:01:37.000Z,-1.596096,
series_a,2019-01-17T00:06:37.000Z,0.864682,
series_a,2019-01-17T00:11:37.000Z,0.607052,
series_a,2019-01-17T00:16:37.000Z,0.03059,
series_a,2019-01-17T00:21:37.000Z,-1.127238,
series_a,2019-01-17T00:26:37.000Z,0.052485,
series_a,2019-01-17T00:31:37.000Z,0.74133,
series_a,2019-01-17T00:36:37.000Z,1.195118,1
series_a,2019-01-17T00:41:37.000Z,-1.31284,
series_a,2019-01-17T00:46:37.000Z,-1.484307,
series_a,2019-01-17T00:51:37.000Z,-1.103436,
series_a,2019-01-17T00:56:37.000Z,-1.49763,
series_a,2019-01-17T01:01:37.000Z,-0.751155,
series_a,2019-01-17T01:06:37.000Z,-0.118496,
series_a,2019-01-17T01:11:37.000Z,-0.344174,
series_a,2019-01-17T01:16:37.000Z,-1.667707,
series_a,2019-01-17T01:21:37.000Z,-0.855425,
series_a,2019-01-17T01:26:37.000Z,-0.547823,
series_a,2019-01-17T01:31:37.000Z,0.354608,
series_a,2019-01-17T01:36:37.000Z,0.393898,
series_a,2019-01-17T01:41:37.000Z,-0.813266,
series_a,2019-01-17T01:46:37.000Z,-0.799284,
series_a,2019-01-17T01:51:37.000Z,-0.618205,
series_a,2019-01-17T01:56:37.000Z,-1.798954,
series_a,2019-01-17T02:01:37.000Z,-1.919762,
series_a,2019-01-17T02:06:37.000Z,0.057766,
series_a,2019-01-17T02:11:37.000Z,0.592696,
series_a,2019-01-17T02:16:37.000Z,0.082871,
series_a,2019-01-17T02:21:37.000Z,-1.484116,
series_a,2019-01-17T02:26:37.000Z,-1.781657,
series_a,2019-01-17T02:31:37.000Z,-1.378983,
series_a,2019-01-17T02:36:37.000Z,-0.735007,
series_a,2019-01-17T02:41:37.000Z,-0.974805,
series_a,2019-01-17T02:46:37.000Z,0.411051,
series_a,2019-01-17T02:51:37.000Z,1.170693,1
series_a,2019-01-17T02:56:37.000Z,0.028749,
series_a,2019-01-17T03:01:37.000Z,1.28952,1
series_a,2019-01-17T03:06:37.000Z,1.250408,1
series_a,2019-01-17T03:11:37.000Z,1.315164,1
series_a,2019-01-17T03:16:37.000Z,1.234033,1
series_a,2019-01-17T03:21:37.000Z,0.222833,
series_a,2019-01-17T03:26:37.000Z,1.326458,1
series_a,2019-01-17T03:31:37.000Z,0.596148,
series_a,2019-01-17T03:36:37.000Z,1.326337,1
series_a,2019-01-17T03:41:37.000Z,0.704529,
series_a,2019-01-17T03:46:37.000Z,0.750472,
series_a,2019-01-17T03:51:37.000Z,1.339066,1
series_a,2019-01-17T03:56:37.000Z,0.799574,
series_a,2019-01-17T04:01:37.000Z,0.058481,
series_a,2019-01-17T04:06:37.000Z,0.116686,
series_a,2019-01-17T04:11:37.000Z,-0.561842,
series_a,2019-01-17T04:16:37.000Z,1.104121,1
series_a,2019-01-17T04:21:37.000Z,-0.176821,
series_a,2019-01-17T04:26:37.000Z,-0.654255,
series_a,2019-01-17T04:31:37.000Z,-1.678266,
series_a,2019-01-17T04:36:37.000Z,0.994604,1
series_a,2019-01-17T04:41:37.000Z,-1.356518,
series_a,2019-01-17T04:46:37.000Z,1.16696,1
series_a,2019-01-17T04:51:37.000Z,-1.26642,
series_a,2019-01-17T04:56:37.000Z,-1.254765,
series_a,2019-01-17T05:01:37.000Z,-0.762462,
series_a,2019-01-17T05:06:37.000Z,-1.103565,
series_a,2019-01-17T05:11:37.000Z,0.777786,
series_a,2019-01-17T05:16:37.000Z,0.647156,
series_a,2019-01-17T05:21:37.000Z,0.867707,
series_a,2019-01-17T05:26:37.000Z,-1.178041,
series_a,2019-01-17T05:31:37.000Z,-0.519729,
series_a,2019-01-17T05:36:37.000Z,1.107114,1
series_a,2019-01-17T05:41:37.000Z,1.311389,1
series_a,2019-01-17T05:46:37.000Z,1.435257,1
series_a,2019-01-17T05:51:37.000Z,0.282784,
series_a,2019-01-17T05:56:37.000Z,0.165676,
series_a,2019-01-17T06:01:37.000Z,1.157339,
series_a,2019-01-17T06:06:37.000Z,0.596552,
series_a,2019-01-17T06:11:37.000Z,0.865465,
series_a,2019-01-17T06:16:37.000Z,-1.454886,
series_a,2019-01-17T06:21:37.000Z,-1.2765,
series_a,2019-01-17T06:26:37.000Z,-1.104907,
series_a,2019-01-17T06:31:37.000Z,-0.441453,
series_a,2019-01-17T06:36:37.000Z,-0.013349,
series_a,2019-01-17T06:41:37.000Z,0.40743,
series_a,2019-01-17T06:46:37.000Z,0.901162,
series_a,2019-01-17T06:51:37.000Z,-0.027875,
series_a,2019-01-17T06:56:37.000Z,0.361242,
series_a,2019-01-17T07:01:37.000Z,0.628872,
series_a,2019-01-17T07:06:37.000Z,-1.533727,
series_a,2019-01-17T07:11:37.000Z,-0.809811,
series_a,2019-01-17T07:16:37.000Z,-1.293921,
series_a,2019-01-17T07:21:37.000Z,-0.223034,
series_a,2019-01-17T07:26:37.000Z,1.163368,1
series_a,2019-01-17T07:31:37.000Z,0.901749,
series_a,2019-01-17T07:36:37.000Z,1.225215,1
series_a,2019-01-17T07:41:37.000Z,0.533725,
series_a,2019-01-17T07:46:37.000Z,1.082017,
series_a,2019-01-17T07:51:37.000Z,-1.055508,
series_a,2019-01-17T07:56:37.000Z,0.933429,
series_a,2019-01-17T08:01:37.000Z,0.90132,
series_a,2019-01-17T08:06:37.000Z,1.011161,
series_a,2019-01-17T08:11:37.000Z,-0.670687,
series_a,2019-01-17T08:16:37.000Z,1.155655,
series_a,2019-01-17T08:21:37.000Z,0.14062,
series_a,2019-01-17T08:26:37.000Z,1.087786,
series_a,2019-01-17T08:31:37.000Z,1.032005,
series_a,2019-01-17T08:36:37.000Z,1.326729,1
series_a,2019-01-17T08:41:37.000Z,1.072845,
series_a,2019-01-17T08:46:37.000Z,0.3684,
series_a,2019-01-17T08:51:37.000Z,-1.236585,
series_a,2019-01-17T08:56:37.000Z,-1.123389,
series_a,2019-01-17T09:01:37.000Z,-1.235246,
series_a,2019-01-17T09:06:37.000Z,-1.993447,
series_a,2019-01-17T09:11:37.000Z,-0.385772,
series_a,2019-01-17T09:16:37.000Z,-1.1198,
series_a,2019-01-17T09:21:37.000Z,-0.280245,
series_a,2019-01-17T09:26:37.000Z,-1.317515,
series_a,2019-01-17T09:31:37.000Z,-0.196109,
series_a,2019-01-17T09:36:37.000Z,0.667857,
series_a,2019-01-17T09:41:37.000Z,1.627643,1
series_a,2019-01-17T09:46:37.000Z,1.198156,
series_a,2019-01-17T09:51:37.000Z,1.285071,
series_a,2019-01-17T09:56:37.000Z,-0.247077,
series_a,2019-01-17T10:01:37.000Z,1.533802,1
series_a,2019-01-17T10:06:37.000Z,-1.411564,
series_a,2019-01-17T10:11:37.000Z,-1.207606,
series_a,2019-01-17T10:16:37.000Z,1.017448,
series_a,2019-01-17T10:21:37.000Z,1.188541,
series_a,2019-01-17T10:26:37.000Z,1.050832,
series_a,2019-01-17T10:31:37.000Z,-1.109187,
series_a,2019-01-17T10:36:37.000Z,-1.276646,
series_a,2019-01-17T10:41:37.000Z,0.901173,
series_a,2019-01-17T10:46:37.000Z,0.826775,
series_a,2019-01-17T10:51:37.000Z,0.427212,
series_a,2019-01-17T10:56:37.000Z,-0.780474,
series_a,2019-01-17T11:01:37.000Z,-0.101228,
series_a,2019-01-17T11:06:37.000Z,-1.092685,
series_a,2019-01-17T11:11:37.000Z,-0.25729,
series_a,2019-01-17T11:16:37.000Z,-1.344651,
series_a,2019-01-17T11:21:37.000Z,-0.583993,
series_a,2019-01-17T11:26:37.000Z,0.427792,
series_a,2019-01-17T11:31:37.000Z,1.190751,1
series_a,2019-01-17T11:36:37.000Z,-1.673245,
series_a,2019-01-17T11:41:37.000Z,0.454035,
series_a,2019-01-17T11:46:37.000Z,0.389511,
series_a,2019-01-17T11:51:37.000Z,0.386782,
series_a,2019-01-17T11:56:37.000Z,0.777745,
series_a,2019-01-17T12:01:37.000Z,1.415099,1
series_a,2019-01-17T12:06:37.000Z,-0.740108,
series_a,2019-01-17T12:11:37.000Z,1.345439,1
series_a,2019-01-17T12:16:37.000Z,-0.791751,
series_a,2019-01-17T12:21:37.000Z,-0.692322,
series_a,2019-01-17T12:26:37.000Z,-0.654416,
series_a,2019-01-17T12:31:37.000Z,0.062258,
series_a,2019-01-17T12:36:37.000Z,1.539134,1
series_a,2019-01-17T12:41:37.000Z,1.29225,
series_a,2019-01-17T12:46:37.000Z,0.916366,
series_a,2019-01-17T12:51:37.000Z,0.561697,
series_a,2019-01-17T12:56:37.000Z,1.136519,
series_a,2019-01-17T13:01:37.000Z,1.008772,
series_a,2019-01-17T13:06:37.000Z,1.404098,1
series_a,2019-01-17T13:11:37.000Z,1.234359,
series_a,2019-01-17T13:16:37.000Z,1.329824,
series_a,2019-01-17T13:21:37.000Z,1.341589,
series_a,2019-01-17T13:26:37.000Z,1.314879,
series_a,2019-01-17T13:31:37.000Z,1.479798,1
series_a,2019-01-17T13:36:37.000Z,0.538019,
series_a,2019-01-17T13:41:37.000Z,1.365733,
series_a,2019-01-17T13:46:37.000Z,1.265715,
series_a,2019-01-17T13:51:37.000Z,0.805395,
series_a,2019-01-17T13:56:37.000Z,1.460113,1
series_a,2019-01-17T14:01:37.000Z,-0.098073,
series_a,2019-01-17T14:06:37.000Z,-0.411197,
series_a,2019-01-17T14:11:37.000Z,-0.167036,
series_a,2019-01-17T14:16:37.000Z,-0.155796,
series_a,2019-01-17T14:21:37.000Z,-0.081377,
series_a,2019-01-17T14:26:37.000Z,-1.254703,
series_a,2019-01-17T14:31:37.000Z,0.308872,
series_a,2019-01-17T14:36:37.000Z,0.056625,
series_a,2019-01-17T14:41:37.000Z,0.418144,
series_a,2019-01-17T14:46:37.000Z,-1.566433,
series_a,2019-01-17T14:51:37.000Z,0.899212,1
series_a,2019-01-17T14:56:37.000Z,1.103999,1
series_a,2019-01-17T15:01:37.000Z,0.983067,1
series_a,2019-01-17T15:06:37.000Z,0.638961,
series_a,2019-01-17T15:11:37.000Z,-1.345956,
series_a,2019-01-17T15:16:37.000Z,0.364267,
series_a,2019-01-17T15:21:37.000Z,1.072101,1
series_a,2019-01-17T15:26:37.000Z,0.60692,
series_a,2019-01-17T15:31:37.000Z,0.727891,
series_a,2019-01-17T15:36:37.000Z,0.932505,
series_a,2019-01-17T15:41:37.000Z,0.465506,
series_a,2019-01-17T15:46:37.000Z,0.681246,
series_a,2019-01-17T15:51:37.000Z,1.306136,1
series_a,2019-01-17T15:56:37.000Z,-1.728808,
series_a,2019-01-17T16:01:37.000Z,-0.321194,
series_a,2019-01-17T16:06:37.000Z,0.158237,
series_a,2019-01-17T16:11:37.000Z,0.252166,
series_a,2019-01-17T16:16:37.000Z,-0.072993,
series_a,2019-01-17T16:21:37.000Z,0.333719,
series_a,2019-01-17T16:26:37.000Z,0.585596,
series_a,2019-01-17T16:31:37.000Z,0.653271,
series_a,2019-01-17T16:36:37.000Z,-0.077967,
series_a,2019-01-17T16:41:37.000Z,0.865383,
series_a,2019-01-17T16:46:37.000Z,-0.984486,
series_a,2019-01-17T16:51:37.000Z,0.418992,
series_a,2019-01-17T16:56:37.000Z,-0.184181,
series_a,2019-01-17T17:01:37.000Z,-1.28857,
series_a,2019-01-17T17:06:37.000Z,-0.787643,
series_a,2019-01-17T17:11:37.000Z,-0.710143,
series_a,2019-01-17T17:16:37.000Z,0.487875,
series_a,2019-01-17T17:21:37.000Z,0.138029,
series_a,2019-01-17T17:26:37.000Z,0.322347,
series_a,2019-01-17T17:31:37.000Z,0.618471,
series_a,2019-01-17T17:36:37.000Z,0.377909,
series_a,2019-01-17T17:41:37.000Z,0.494964,
series_a,2019-01-17T17:46:37.000Z,0.680725,
series_a,2019-01-17T17:51:37.000Z,0.434085,
series_a,2019-01-17T17:56:37.000Z,-1.302285,
series_a,2019-01-17T18:01:37.000Z,-1.3985,
series_a,2019-01-17T18:06:37.000Z,0.077646,
series_a,2019-01-17T18:11:37.000Z,0.434325,
series_a,2019-01-17T18:16:37.000Z,-0.084571,
series_a,2019-01-17T18:21:37.000Z,-0.928492,
series_a,2019-01-17T18:26:37.000Z,-1.102938,
series_a,2019-01-17T18:31:37.000Z,-1.092199,
series_a,2019-01-17T18:36:37.000Z,-0.368873,
series_a,2019-01-17T18:41:37.000Z,-0.44304,
series_a,2019-01-17T18:46:37.000Z,-0.532092,
series_a,2019-01-17T18:51:37.000Z,-0.00761,
series_a,2019-01-17T18:56:37.000Z,-1.133683,
series_a,2019-01-17T19:01:37.000Z,-0.295406,
series_a,2019-01-17T19:06:37.000Z,0.024512,
series_a,2019-01-17T19:11:37.000Z,0.126349,
series_a,2019-01-17T19:16:37.000Z,-2.082164,
series_a,2019-01-17T19:21:37.000Z,0.869546,1
series_a,2019-01-17T19:26:37.000Z,0.477904,
series_a,2019-01-17T19:31:37.000Z,-1.673916,
series_a,2019-01-17T19:36:37.000Z,-1.882014,
series_a,2019-01-17T19:41:37.000Z,-0.138726,
series_a,2019-01-17T19:46:37.000Z,-1.846681,
series_a,2019-01-17T19:51:37.000Z,-1.203922,
series_a,2019-01-17T19:56:37.000Z,-0.952098,
series_a,2019-01-17T20:01:37.000Z,-1.246152,
series_a,2019-01-17T20:06:37.000Z,0.546356,
series_a,2019-01-17T20:11:37.000Z,0.308363,
series_a,2019-01-17T20:16:37.000Z,0.034594,
series_a,2019-01-17T20:21:37.000Z,-0.628257,
series_a,2019-01-17T20:26:37.000Z,-1.388643,
series_a,2019-01-17T20:31:37.000Z,-0.817782,
series_a,2019-01-17T20:36:37.000Z,-0.601738,
series_a,2019-01-17T20:41:37.000Z,-1.504711,
series_a,2019-01-17T20:46:37.000Z,-0.570585,
series_a,2019-01-17T20:51:37.000Z,-0.536927,
series_a,2019-01-17T20:56:37.000Z,-0.062623,
series_a,2019-01-17T21:01:37.000Z,0.164602,
series_a,2019-01-17T21:06:37.000Z,-0.259648,
series_a,2019-01-17T21:11:37.000Z,0.019295,
series_a,2019-01-17T21:16:37.000Z,-1.435986,
series_a,2019-01-17T21:21:37.000Z,-0.115424,
series_a,2019-01-17T21:26:37.000Z,-0.631648,
series_a,2019-01-17T21:31:37.000Z,-0.819548,
series_a,2019-01-17T21:36:37.000Z,-1.048739,
series_a,2019-01-17T21:41:37.000Z,-0.97091,
series_a,2019-01-17T21:46:37.000Z,0.375847,
series_a,2019-01-17T21:51:37.000Z,-0.954974,
series_a,2019-01-17T21:56:37.000Z,-0.217255,
series_a,2019-01-17T22:01:37.000Z,-1.2861,
series_a,2019-01-17T22:06:37.000Z,-0.915084,
series_a,2019-01-17T22:11:37.000Z,-1.280117,
series_a,2019-01-17T22:16:37.000Z,-1.381111,
series_a,2019-01-17T22:21:37.000Z,-1.090831,
series_a,2019-01-17T22:26:37.000Z,-0.909229,
series_a,2019-01-17T22:31:37.000Z,-1.678668,
series_a,2019-01-17T22:36:37.000Z,-1.523114,
series_a,2019-01-17T22:41:37.000Z,-1.105845,
series_a,2019-01-17T22:46:37.000Z,-1.179328,
series_a,2019-01-17T22:51:37.000Z,0.238987,
series_a,2019-01-17T22:56:37.000Z,-0.166055,
series_a,2019-01-17T23:01:37.000Z,-1.601297,
series_a,2019-01-17T23:06:37.000Z,-1.015358,
series_a,2019-01-17T23:11:37.000Z,0.204822,
series_a,2019-01-17T23:16:37.000Z,-0.42481,
series_a,2019-01-17T23:21:37.000Z,-0.596892,
series_a,2019-01-17T23:26:37.000Z,0.013176,
series_a,2019-01-17T23:31:37.000Z,-0.107803,
series_a,2019-01-17T23:36:37.000Z,-1.884635,
series_a,2019-01-17T23:41:37.000Z,-0.347915,
series_a,2019-01-17T23:46:37.000Z,-1.11084,
series_a,2019-01-17T23:51:37.000Z,-0.26852,
series_a,2019-01-17T23:56:37.000Z,0.093004,
series_a,2019-01-18T00:01:37.000Z,0.634062,
series_a,2019-01-18T00:06:37.000Z,-0.975991,
series_a,2019-01-18T00:11:37.000Z,0.43167,
series_a,2019-01-18T00:16:37.000Z,-0.183706,
series_a,2019-01-18T00:21:37.000Z,-0.710543,
series_a,2019-01-18T00:26:37.000Z,-1.070473,
series_a,2019-01-18T00:31:37.000Z,1.482382,1
series_a,2019-01-18T00:36:37.000Z,0.304284,
series_a,2019-01-18T00:41:37.000Z,0.505523,
series_a,2019-01-18T00:46:37.000Z,-1.274972,
series_a,2019-01-18T00:51:37.000Z,-1.051035,
series_a,2019-01-18T00:56:37.000Z,-0.779377,
series_a,2019-01-18T01:01:37.000Z,-0.137562,
series_a,2019-01-18T01:06:37.000Z,0.16248,
series_a,2019-01-18T01:11:37.000Z,-1.452985,
series_a,2019-01-18T01:16:37.000Z,-1.768614,
series_a,2019-01-18T01:21:37.000Z,-0.865552,
series_a,2019-01-18T01:26:37.000Z,-1.387847,
series_a,2019-01-18T01:31:37.000Z,-0.637104,
series_a,2019-01-18T01:36:37.000Z,-1.415625,
series_a,2019-01-18T01:41:37.000Z,-1.471931,
series_a,2019-01-18T01:46:37.000Z,1.430046,1
series_a,2019-01-18T01:51:37.000Z,0.803817,
series_a,2019-01-18T01:56:37.000Z,1.237995,
series_a,2019-01-18T02:01:37.000Z,1.330354,
series_a,2019-01-18T02:06:37.000Z,1.275942,
series_a,2019-01-18T02:11:37.000Z,1.485087,1
series_a,2019-01-18T02:16:37.000Z,-0.309227,
series_a,2019-01-18T02:21:37.000Z,1.467894,
series_a,2019-01-18T02:26:37.000Z,0.012947,
series_a,2019-01-18T02:31:37.000Z,-0.073936,
series_a,2019-01-18T02:36:37.000Z,0.455375,
series_a,2019-01-18T02:41:37.000Z,-0.026896,
series_a,2019-01-18T02:46:37.000Z,1.372273,
series_a,2019-01-18T02:51:37.000Z,-1.193341,
series_a,2019-01-18T02:56:37.000Z,-0.544616,
series_a,2019-01-18T03:01:37.000Z,0.093401,
series_a,2019-01-18T03:06:37.000Z,-0.167293,
series_a,2019-01-18T03:11:37.000Z,0.358337,
series_a,2019-01-18T03:16:37.000Z,-1.962439,
series_a,2019-01-18T03:21:37.000Z,1.292921,
series_a,2019-01-18T03:26:37.000Z,-1.137022,
series_a,2019-01-18T03:31:37.000Z,-1.120796,
series_a,2019-01-18T03:36:37.000Z,-1.319874,
series_a,2019-01-18T03:41:37.000Z,1.067045,
series_a,2019-01-18T03:46:37.000Z,-0.077354,
series_a,2019-01-18T03:51:37.000Z,-0.93989,
series_a,2019-01-18T03:56:37.000Z,0.470772,
series_a,2019-01-18T04:01:37.000Z,-2.304167,
series_a,2019-01-18T04:06:37.000Z,0.508805,
series_a,2019-01-18T04:11:37.000Z,0.136058,
series_a,2019-01-18T04:16:37.000Z,0.675224,
series_a,2019-01-18T04:21:37.000Z,0.248593,
series_a,2019-01-18T04:26:37.000Z,0.70219,
series_a,2019-01-18T04:31:37.000Z,0.900091,
series_a,2019-01-18T04:36:37.000Z,0.660384,
series_a,2019-01-18T04:41:37.000Z,0.772434,
series_a,2019-01-18T04:46:37.000Z,0.24138,
series_a,2019-01-18T04:51:37.000Z,0.626749,
series_a,2019-01-18T04:56:37.000Z,0.280651,
series_a,2019-01-18T05:01:37.000Z,1.976801,1
series_a,2019-01-18T05:06:37.000Z,0.454476,
series_a,2019-01-18T05:11:37.000Z,0.990332,
series_a,2019-01-18T05:16:37.000Z,-0.054005,
series_a,2019-01-18T05:21:37.000Z,0.753307,
series_a,2019-01-18T05:26:37.000Z,0.44787,
series_a,2019-01-18T05:31:37.000Z,0.429342,
series_a,2019-01-18T05:36:37.000Z,0.053325,
series_a,2019-01-18T05:41:37.000Z,0.156738,
series_a,2019-01-18T05:46:37.000Z,0.872349,
series_a,2019-01-18T05:51:37.000Z,0.43468,
series_a,2019-01-18T05:56:37.000Z,0.553522,
series_a,2019-01-18T06:01:37.000Z,0.805237,
series_a,2019-01-18T06:06:37.000Z,1.087484,
series_a,2019-01-18T06:11:37.000Z,-0.159516,
series_a,2019-01-18T06:16:37.000Z,-0.02514,
series_a,2019-01-18T06:21:37.000Z,-0.783924,
series_a,2019-01-18T06:26:37.000Z,-1.169582,
series_a,2019-01-18T06:31:37.000Z,1.189437,1
series_a,2019-01-18T06:36:37.000Z,1.231049,1
series_a,2019-01-18T06:41:37.000Z,1.289893,1
series_a,2019-01-18T06:46:37.000Z,0.972199,
series_a,2019-01-18T06:51:37.000Z,-1.611581,
series_a,2019-01-18T06:56:37.000Z,0.866872,
series_a,2019-01-18T07:01:37.000Z,-1.230453,
series_a,2019-01-18T07:06:37.000Z,-1.888389,
series_a,2019-01-18T07:11:37.000Z,-1.460723,
series_a,2019-01-18T07:16:37.000Z,-1.34561,
series_a,2019-01-18T07:21:37.000Z,0.676491,
series_a,2019-01-18T07:26:37.000Z,0.059396,
series_a,2019-01-18T07:31:37.000Z,0.325389,
series_a,2019-01-18T07:36:37.000Z,-0.335199,
series_a,2019-01-18T07:41:37.000Z,-0.99939,
series_a,2019-01-18T07:46:37.000Z,-1.43078,
series_a,2019-01-18T07:51:37.000Z,-0.459064,
series_a,2019-01-18T07:56:37.000Z,0.836456,
series_a,2019-01-18T08:01:37.000Z,-1.180881,
series_a,2019-01-18T08:06:37.000Z,0.644735,
series_a,2019-01-18T08:11:37.000Z,-1.379488,
series_a,2019-01-18T08:16:37.000Z,-0.830281,
series_a,2019-01-18T08:21:37.000Z,0.717558,
series_a,2019-01-18T08:26:37.000Z,0.256735,
series_a,2019-01-18T08:31:37.000Z,-0.973566,
series_a,2019-01-18T08:36:37.000Z,-0.876317,
series_a,2019-01-18T08:41:37.000Z,-1.380459,
series_a,2019-01-18T08:46:37.000Z,-1.085679,
series_a,2019-01-18T08:51:37.000Z,-0.493138,
series_a,2019-01-18T08:56:37.000Z,-0.464245,
series_a,2019-01-18T09:01:37.000Z,-1.603434,
series_a,2019-01-18T09:06:37.000Z,-1.662048,
series_a,2019-01-18T09:11:37.000Z,-0.964774,
series_a,2019-01-18T09:16:37.000Z,0.359461,
series_a,2019-01-18T09:21:37.000Z,1.501146,1
series_a,2019-01-18T09:26:37.000Z,-0.688023,
series_a,2019-01-18T09:31:37.000Z,-0.905155,
series_a,2019-01-18T09:36:37.000Z,-0.08189,
series_a,2019-01-18T09:41:37.000Z,-1.341876,
series_a,2019-01-18T09:46:37.000Z,-1.446248,
series_a,2019-01-18T09:51:37.000Z,-0.349468,
series_a,2019-01-18T09:56:37.000Z,0.187865,
series_a,2019-01-18T10:01:37.000Z,-0.441646,
series_a,2019-01-18T10:06:37.000Z,-0.404604,
series_a,2019-01-18T10:11:37.000Z,-0.293254,
series_a,2019-01-18T10:16:37.000Z,-0.170799,
series_a,2019-01-18T10:21:37.000Z,-0.315533,
series_a,2019-01-18T10:26:37.000Z,0.086676,
series_a,2019-01-18T10:31:37.000Z,1.067935,
series_a,2019-01-18T10:36:37.000Z,0.91627,
series_a,2019-01-18T10:41:37.000Z,0.909232,
series_a,2019-01-18T10:46:37.000Z,1.099559,
series_a,2019-01-18T10:51:37.000Z,1.077838,
series_a,2019-01-18T10:56:37.000Z,1.114039,
series_a,2019-01-18T11:01:37.000Z,1.885592,1
series_a,2019-01-18T11:06:37.000Z,0.877175,
series_a,2019-01-18T11:11:37.000Z,1.256201,
series_a,2019-01-18T11:16:37.000Z,1.006189,
series_a,2019-01-18T11:21:37.000Z,0.908378,
series_a,2019-01-18T11:26:37.000Z,1.243935,
series_a,2019-01-18T11:31:37.000Z,-0.119527,
series_a,2019-01-18T11:36:37.000Z,0.953253,
series_a,2019-01-18T11:41:37.000Z,1.199056,
series_a,2019-01-18T11:46:37.000Z,1.556148,1
series_a,2019-01-18T11:51:37.000Z,-0.486327,
series_a,2019-01-18T11:56:37.000Z,1.042584,
series_a,2019-01-18T12:01:37.000Z,0.749152,
series_a,2019-01-18T12:06:37.000Z,-1.278138,
series_a,2019-01-18T12:11:37.000Z,0.865178,
series_a,2019-01-18T12:16:37.000Z,-1.410518,
series_a,2019-01-18T12:21:37.000Z,0.743395,
series_a,2019-01-18T12:26:37.000Z,0.68067,
series_a,2019-01-18T12:31:37.000Z,-0.16116,
series_a,2019-01-18T12:36:37.000Z,0.834511,
series_a,2019-01-18T12:41:37.000Z,0.667336,
series_a,2019-01-18T12:46:37.000Z,0.484268,
series_a,2019-01-18T12:51:37.000Z,0.601199,
series_a,2019-01-18T12:56:37.000Z,0.65215,
series_a,2019-01-18T13:01:37.000Z,0.642041,
series_a,2019-01-18T13:06:37.000Z,1.808795,1
series_a,2019-01-18T13:11:37.000Z,1.065543,
series_a,2019-01-18T13:16:37.000Z,0.956105,
series_a,2019-01-18T13:21:37.000Z,1.278945,
series_a,2019-01-18T13:26:37.000Z,1.005717,
series_a,2019-01-18T13:31:37.000Z,-0.219565,
series_a,2019-01-18T13:36:37.000Z,0.310549,
series_a,2019-01-18T13:41:37.000Z,-0.382824,
series_a,2019-01-18T13:46:37.000Z,0.918083,
series_a,2019-01-18T13:51:37.000Z,0.739464,
series_a,2019-01-18T13:56:37.000Z,0.646379,
series_a,2019-01-18T14:01:37.000Z,0.684321,
series_a,2019-01-18T14:06:37.000Z,0.671462,
series_a,2019-01-18T14:11:37.000Z,1.13096,
series_a,2019-01-18T14:16:37.000Z,1.0998,
series_a,2019-01-18T14:21:37.000Z,0.691566,
series_a,2019-01-18T14:26:37.000Z,1.173122,
series_a,2019-01-18T14:31:37.000Z,1.606149,1
series_a,2019-01-18T14:36:37.000Z,0.576679,
series_a,2019-01-18T14:41:37.000Z,0.679114,
series_a,2019-01-18T14:46:37.000Z,-0.349075,
series_a,2019-01-18T14:51:37.000Z,0.76073,
series_a,2019-01-18T14:56:37.000Z,-0.825442,
series_a,2019-01-18T15:01:37.000Z,-0.009721,
series_a,2019-01-18T15:06:37.000Z,-0.371207,
series_a,2019-01-18T15:11:37.000Z,-0.667569,
series_a,2019-01-18T15:16:37.000Z,0.534294,
series_a,2019-01-18T15:21:37.000Z,-1.402017,
series_a,2019-01-18T15:26:37.000Z,1.846622,1
series_a,2019-01-18T15:31:37.000Z,1.213353,
series_a,2019-01-18T15:36:37.000Z,1.291232,
series_a,2019-01-18T15:41:37.000Z,-0.634692,
series_a,2019-01-18T15:46:37.000Z,1.781855,1
series_a,2019-01-18T15:51:37.000Z,1.193999,
series_a,2019-01-18T15:56:37.000Z,1.644282,
series_a,2019-01-18T16:01:37.000Z,-1.858033,
series_a,2019-01-18T16:06:37.000Z,0.039761,
series_a,2019-01-18T16:11:37.000Z,-1.350024,
series_a,2019-01-18T16:16:37.000Z,-1.370442,
series_a,2019-01-18T16:21:37.000Z,-0.888115,
series_a,2019-01-18T16:26:37.000Z,-1.354726,
series_a,2019-01-18T16:31:37.000Z,-1.575177,
series_a,2019-01-18T16:36:37.000Z,-0.080108,
series_a,2019-01-18T16:41:37.000Z,-0.061776,
series_a,2019-01-18T16:46:37.000Z,-1.434775,
series_a,2019-01-18T16:51:37.000Z,0.545474,
series_a,2019-01-18T16:56:37.000Z,-1.263396,
series_a,2019-01-18T17:01:37.000Z,1.080758,1
series_a,2019-01-18T17:06:37.000Z,-0.009516,
series_a,2019-01-18T17:11:37.000Z,-1.060897,
series_a,2019-01-18T17:16:37.000Z,-0.181,
series_a,2019-01-18T17:21:37.000Z,-1.798296,
series_a,2019-01-18T17:26:37.000Z,-1.376953,
series_a,2019-01-18T17:31:37.000Z,0.521212,
series_a,2019-01-18T17:36:37.000Z,0.125319,
series_a,2019-01-18T17:41:37.000Z,0.306959,
series_a,2019-01-18T17:46:37.000Z,-1.046867,
series_a,2019-01-18T17:51:37.000Z,-1.408868,
series_a,2019-01-18T17:56:37.000Z,0.546697,
series_a,2019-01-18T18:01:37.000Z,-0.041487,
series_a,2019-01-18T18:06:37.000Z,0.524508,
series_a,2019-01-18T18:11:37.000Z,0.087124,
series_a,2019-01-18T18:16:37.000Z,0.691781,
series_a,2019-01-18T18:21:37.000Z,0.499957,
series_a,2019-01-18T18:26:37.000Z,-1.523802,
series_a,2019-01-18T18:31:37.000Z,1.138434,
series_a,2019-01-18T18:36:37.000Z,-0.334348,
series_a,2019-01-18T18:41:37.000Z,-1.459586,
series_a,2019-01-18T18:46:37.000Z,-0.462288,
series_a,2019-01-18T18:51:37.000Z,-0.953098,
series_a,2019-01-18T18:56:37.000Z,-1.799434,
series_a,2019-01-18T19:01:37.000Z,0.922059,
series_a,2019-01-18T19:06:37.000Z,0.95147,
series_a,2019-01-18T19:11:37.000Z,0.785202,
series_a,2019-01-18T19:16:37.000Z,0.55329,
series_a,2019-01-18T19:21:37.000Z,1.129392,
series_a,2019-01-18T19:26:37.000Z,-1.36463,
series_a,2019-01-18T19:31:37.000Z,-0.828745,
series_a,2019-01-18T19:36:37.000Z,0.272163,
series_a,2019-01-18T19:41:37.000Z,0.443015,
series_a,2019-01-18T19:46:37.000Z,0.46601,
series_a,2019-01-18T19:51:37.000Z,0.883474,
series_a,2019-01-18T19:56:37.000Z,1.257386,
series_a,2019-01-18T20:01:37.000Z,1.403269,
series_a,2019-01-18T20:06:37.000Z,1.306187,
series_a,2019-01-18T20:11:37.000Z,1.424621,
series_a,2019-01-18T20:16:37.000Z,1.491814,
series_a,2019-01-18T20:21:37.000Z,1.546248,
series_a,2019-01-18T20:26:37.000Z,1.746003,1
series_a,2019-01-18T20:31:37.000Z,0.537943,
series_a,2019-01-18T20:36:37.000Z,1.798366,1
series_a,2019-01-18T20:41:37.000Z,-0.922369,
series_a,2019-01-18T20:46:37.000Z,-1.499302,
series_a,2019-01-18T20:51:37.000Z,0.249068,
series_a,2019-01-18T20:56:37.000Z,-0.300888,
series_a,2019-01-18T21:01:37.000Z,-0.287398,
series_a,2019-01-18T21:06:37.000Z,-0.063354,
series_a,2019-01-18T21:11:37.000Z,-0.795529,
series_a,2019-01-18T21:16:37.000Z,-0.300047,
series_a,2019-01-18T21:21:37.000Z,-1.656346,
series_a,2019-01-18T21:26:37.000Z,-0.91973,
series_a,2019-01-18T21:31:37.000Z,0.221053,
series_a,2019-01-18T21:36:37.000Z,0.609906,
series_a,2019-01-18T21:41:37.000Z,0.886746,
series_a,2019-01-18T21:46:37.000Z,-0.346249,
series_a,2019-01-18T21:51:37.000Z,-0.269974,
series_a,2019-01-18T21:56:37.000Z,1.811201,1
series_a,2019-01-18T22:01:37.000Z,-0.341813,
series_a,2019-01-18T22:06:37.000Z,1.46535,
series_a,2019-01-18T22:11:37.000Z,1.5139,
series_a,2019-01-18T22:16:37.000Z,1.557935,
series_a,2019-01-18T22:21:37.000Z,1.550073,
series_a,2019-01-18T22:26:37.000Z,1.511935,
series_a,2019-01-18T22:31:37.000Z,1.454947,
series_a,2019-01-18T22:36:37.000Z,-0.314146,
series_a,2019-01-18T22:41:37.000Z,0.545444,
series_a,2019-01-18T22:46:37.000Z,-0.755951,
series_a,2019-01-18T22:51:37.000Z,-0.453731,
series_a,2019-01-18T22:56:37.000Z,0.530228,
series_a,2019-01-18T23:01:37.000Z,0.409531,
series_a,2019-01-18T23:06:37.000Z,1.197801,
series_a,2019-01-18T23:11:37.000Z,-0.155433,
series_a,2019-01-18T23:16:37.000Z,-0.331692,
series_a,2019-01-18T23:21:37.000Z,-0.403643,
series_a,2019-01-18T23:26:37.000Z,-1.198462,
series_a,2019-01-18T23:31:37.000Z,1.473066,
series_a,2019-01-18T23:36:37.000Z,-0.298065,
series_a,2019-01-18T23:41:37.000Z,-1.025108,
series_a,2019-01-18T23:46:37.000Z,-0.924284,
series_a,2019-01-18T23:51:37.000Z,1.389132,
series_a,2019-01-18T23:56:37.000Z,1.486572,
series_a,2019-01-19T00:01:37.000Z,-1.005764,
series_a,2019-01-19T00:06:37.000Z,0.709368,
series_a,2019-01-19T00:11:37.000Z,1.933723,1
series_a,2019-01-19T00:16:37.000Z,-0.898171,
series_a,2019-01-19T00:21:37.000Z,0.989388,
series_a,2019-01-19T00:26:37.000Z,0.804966,
series_a,2019-01-19T00:31:37.000Z,1.086482,
series_a,2019-01-19T00:36:37.000Z,1.556032,
series_a,2019-01-19T00:41:37.000Z,0.112261,
series_a,2019-01-19T00:46:37.000Z,-0.947871,
series_a,2019-01-19T00:51:37.000Z,-0.503712,
series_a,2019-01-19T00:56:37.000Z,-1.492039,
series_a,2019-01-19T01:01:37.000Z,0.693136,
series_a,2019-01-19T01:06:37.000Z,0.989576,
series_a,2019-01-19T01:11:37.000Z,0.423762,
series_a,2019-01-19T01:16:37.000Z,-1.236731,
series_a,2019-01-19T01:21:37.000Z,-1.886098,
series_a,2019-01-19T01:26:37.000Z,0.956153,
series_a,2019-01-19T01:31:37.000Z,1.156592,
series_a,2019-01-19T01:36:37.000Z,0.41927,
series_a,2019-01-19T01:41:37.000Z,1.051066,
series_a,2019-01-19T01:46:37.000Z,1.361178,
series_a,2019-01-19T01:51:37.000Z,1.097918,
series_a,2019-01-19T01:56:37.000Z,0.92809,
series_a,2019-01-19T02:01:37.000Z,1.288045,
series_a,2019-01-19T02:06:37.000Z,-1.200563,
series_a,2019-01-19T02:11:37.000Z,1.251729,
series_a,2019-01-19T02:16:37.000Z,1.265014,
series_a,2019-01-19T02:21:37.000Z,-1.144928,
series_a,2019-01-19T02:26:37.000Z,1.341647,
series_a,2019-01-19T02:31:37.000Z,1.527611,
series_a,2019-01-19T02:36:37.000Z,1.127269,
series_a,2019-01-19T02:41:37.000Z,0.538807,
series_a,2019-01-19T02:46:37.000Z,1.306379,
series_a,2019-01-19T02:51:37.000Z,1.863838,1
series_a,2019-01-19T02:56:37.000Z,0.595619,
series_a,2019-01-19T03:01:37.000Z,0.735075,
series_a,2019-01-19T03:06:37.000Z,0.76841,
series_a,2019-01-19T03:11:37.000Z,1.266574,
series_a,2019-01-19T03:16:37.000Z,1.665496,
series_a,2019-01-19T03:21:37.000Z,0.747948,
series_a,2019-01-19T03:26:37.000Z,1.197338,
series_a,2019-01-19T03:31:37.000Z,1.545562,
series_a,2019-01-19T03:36:37.000Z,1.20456,
series_a,2019-01-19T03:41:37.000Z,-0.754277,
series_a,2019-01-19T03:46:37.000Z,-0.856145,
series_a,2019-01-19T03:51:37.000Z,-0.752149,
series_a,2019-01-19T03:56:37.000Z,-1.065082,
series_a,2019-01-19T04:01:37.000Z,-1.629694,
series_a,2019-01-19T04:06:37.000Z,-1.184824,
series_a,2019-01-19T04:11:37.000Z,-1.4284,
series_a,2019-01-19T04:16:37.000Z,0.060861,
series_a,2019-01-19T04:21:37.000Z,-1.693809,
series_a,2019-01-19T04:26:37.000Z,-0.199538,
series_a,2019-01-19T04:31:37.000Z,-1.333376,
series_a,2019-01-19T04:36:37.000Z,1.016798,
series_a,2019-01-19T04:41:37.000Z,0.334647,
series_a,2019-01-19T04:46:37.000Z,-0.965153,
series_a,2019-01-19T04:51:37.000Z,0.528337,
series_a,2019-01-19T04:56:37.000Z,0.429443,
series_a,2019-01-19T05:01:37.000Z,0.587854,
series_a,2019-01-19T05:06:37.000Z,-0.77644,
series_a,2019-01-19T05:11:37.000Z,0.207686,
series_a,2019-01-19T05:16:37.000Z,0.307528,
series_a,2019-01-19T05:21:37.000Z,1.525521,1
series_a,2019-01-19T05:26:37.000Z,-1.987033,
series_a,2019-01-19T05:31:37.000Z,-1.810998,
series_a,2019-01-19T05:36:37.000Z,-0.10523,
series_a,2019-01-19T05:41:37.000Z,0.05104,
series_a,2019-01-19T05:46:37.000Z,0.277539,
series_a,2019-01-19T05:51:37.000Z,0.071751,
series_a,2019-01-19T05:56:37.000Z,-1.203806,
series_a,2019-01-19T06:01:37.000Z,-1.597687,
series_a,2019-01-19T06:06:37.000Z,-0.284716,
series_a,2019-01-19T06:11:37.000Z,0.679017,
series_a,2019-01-19T06:16:37.000Z,0.927324,
series_a,2019-01-19T06:21:37.000Z,1.558705,1
series_a,2019-01-19T06:26:37.000Z,-0.327079,
series_a,2019-01-19T06:31:37.000Z,-0.45501,
series_a,2019-01-19T06:36:37.000Z,0.051524,
series_a,2019-01-19T06:41:37.000Z,1.129039,
series_a,2019-01-19T06:46:37.000Z,-1.089726,
series_a,2019-01-19T06:51:37.000Z,-0.18827,
series_a,2019-01-19T06:56:37.000Z,0.063296,
series_a,2019-01-19T07:01:37.000Z,0.484914,
series_a,2019-01-19T07:06:37.000Z,0.608191,
series_a,2019-01-19T07:11:37.000Z,0.793909,
series_a,2019-01-19T07:16:37.000Z,0.812976,
series_a,2019-01-19T07:21:37.000Z,0.430181,
series_a,2019-01-19T07:26:37.000Z,0.382213,
series_a,2019-01-19T07:31:37.000Z,0.554211,
series_a,2019-01-19T07:36:37.000Z,0.523018,
series_a,2019-01-19T07:41:37.000Z,0.401065,
series_a,2019-01-19T07:46:37.000Z,0.39517,
series_a,2019-01-19T07:51:37.000Z,0.428593,
series_a,2019-01-19T07:56:37.000Z,0.599043,
series_a,2019-01-19T08:01:37.000Z,0.832083,
series_a,2019-01-19T08:06:37.000Z,0.502022,
series_a,2019-01-19T08:11:37.000Z,0.415455,
series_a,2019-01-19T08:16:37.000Z,0.599908,
series_a,2019-01-19T08:21:37.000Z,0.472076,
series_a,2019-01-19T08:26:37.000Z,-1.525029,
series_a,2019-01-19T08:31:37.000Z,0.042442,
series_a,2019-01-19T08:36:37.000Z,0.660595,
series_a,2019-01-19T08:41:37.000Z,-0.931967,
series_a,2019-01-19T08:46:37.000Z,-1.19414,
series_a,2019-01-19T08:51:37.000Z,0.093589,
series_a,2019-01-19T08:56:37.000Z,0.589564,
series_a,2019-01-19T09:01:37.000Z,0.50605,
series_a,2019-01-19T09:06:37.000Z,0.182618,
series_a,2019-01-19T09:11:37.000Z,-0.143131,
series_a,2019-01-19T09:16:37.000Z,0.368729,
series_a,2019-01-19T09:21:37.000Z,-0.212435,
series_a,2019-01-19T09:26:37.000Z,0.645136,
series_a,2019-01-19T09:31:37.000Z,0.694054,
series_a,2019-01-19T09:36:37.000Z,-0.117503,
series_a,2019-01-19T09:41:37.000Z,0.869473,
series_a,2019-01-19T09:46:37.000Z,-1.415417,
series_a,2019-01-19T09:51:37.000Z,1.321461,1
series_a,2019-01-19T09:56:37.000Z,0.504041,
series_a,2019-01-19T10:01:37.000Z,1.404566,1
series_a,2019-01-19T10:06:37.000Z,-1.162476,
series_a,2019-01-19T10:11:37.000Z,-0.226105,
series_a,2019-01-19T10:16:37.000Z,0.326952,
series_a,2019-01-19T10:21:37.000Z,-0.300825,
series_a,2019-01-19T10:26:37.000Z,-1.39383,
series_a,2019-01-19T10:31:37.000Z,0.500475,
series_a,2019-01-19T10:36:37.000Z,-0.101224,
series_a,2019-01-19T10:41:37.000Z,0.39521,
series_a,2019-01-19T10:46:37.000Z,0.820978,
series_a,2019-01-19T10:51:37.000Z,-0.701431,
series_a,2019-01-19T10:56:37.000Z,2.076196,1
series_a,2019-01-19T11:01:37.000Z,2.203704,1
series_a,2019-01-19T11:06:37.000Z,1.814469,
series_a,2019-01-19T11:11:37.000Z,1.369326,
series_a,2019-01-19T11:16:37.000Z,1.396541,
series_a,2019-01-19T11:21:37.000Z,-0.154282,
series_a,2019-01-19T11:26:37.000Z,-1.096514,
series_a,2019-01-19T11:31:37.000Z,1.607207,
series_a,2019-01-19T11:36:37.000Z,-1.185878,
series_a,2019-01-19T11:41:37.000Z,-0.095449,
series_a,2019-01-19T11:46:37.000Z,-1.007749,
series_a,2019-01-19T11:51:37.000Z,0.608332,
series_a,2019-01-19T11:56:37.000Z,0.172342,
series_a,2019-01-19T12:01:37.000Z,0.485367,
series_a,2019-01-19T12:06:37.000Z,0.236756,
series_a,2019-01-19T12:11:37.000Z,1.061687,
series_a,2019-01-19T12:16:37.000Z,0.476704,
series_a,2019-01-19T12:21:37.000Z,-1.450382,
series_a,2019-01-19T12:26:37.000Z,0.363303,
series_a,2019-01-19T12:31:37.000Z,0.567537,
series_a,2019-01-19T12:36:37.000Z,-0.244782,
series_a,2019-01-19T12:41:37.000Z,0.191691,
series_a,2019-01-19T12:46:37.000Z,0.565785,
series_a,2019-01-19T12:51:37.000Z,1.53888,1
series_a,2019-01-19T12:56:37.000Z,0.080386,
series_a,2019-01-19T13:01:37.000Z,0.154997,
series_a,2019-01-19T13:06:37.000Z,-0.137935,
series_a,2019-01-19T13:11:37.000Z,-1.129567,
series_a,2019-01-19T13:16:37.000Z,-1.315449,
series_a,2019-01-19T13:21:37.000Z,-1.717072,
series_a,2019-01-19T13:26:37.000Z,-1.025205,
series_a,2019-01-19T13:31:37.000Z,-1.026783,
series_a,2019-01-19T13:36:37.000Z,0.43621,
series_a,2019-01-19T13:41:37.000Z,-1.245194,
series_a,2019-01-19T13:46:37.000Z,-1.686507,
series_a,2019-01-19T13:51:37.000Z,-0.389911,
series_a,2019-01-19T13:56:37.000Z,-0.941688,
series_a,2019-01-19T14:01:37.000Z,-1.393832,
series_a,2019-01-19T14:06:37.000Z,-0.018404,
series_a,2019-01-19T14:11:37.000Z,-1.465092,
series_a,2019-01-19T14:16:37.000Z,-0.848571,
series_a,2019-01-19T14:21:37.000Z,-1.000469,
series_a,2019-01-19T14:26:37.000Z,-0.362145,
series_a,2019-01-19T14:31:37.000Z,-1.666614,
series_a,2019-01-19T14:36:37.000Z,-1.863422,
series_a,2019-01-19T14:41:37.000Z,-0.128782,
series_a,2019-01-19T14:46:37.000Z,-1.256435,
series_a,2019-01-19T14:51:37.000Z,0.067305,
series_a,2019-01-19T14:56:37.000Z,-0.117447,
series_a,2019-01-19T15:01:37.000Z,-0.039626,
series_a,2019-01-19T15:06:37.000Z,-0.986223,
series_a,2019-01-19T15:11:37.000Z,1.437956,1
series_a,2019-01-19T15:16:37.000Z,1.348767,1
series_a,2019-01-19T15:21:37.000Z,1.870231,1
series_a,2019-01-19T15:26:37.000Z,-1.061334,
series_a,2019-01-19T15:31:37.000Z,-0.177194,
series_a,2019-01-19T15:36:37.000Z,-1.377241,
series_a,2019-01-19T15:41:37.000Z,-0.706242,
series_a,2019-01-19T15:46:37.000Z,-1.031345,
series_a,2019-01-19T15:51:37.000Z,-0.038461,
series_a,2019-01-19T15:56:37.000Z,-1.79051,
series_a,2019-01-19T16:01:37.000Z,-2.042307,
series_a,2019-01-19T16:06:37.000Z,-1.372738,
series_a,2019-01-19T16:11:37.000Z,-0.367476,
series_a,2019-01-19T16:16:37.000Z,0.380604,
series_a,2019-01-19T16:21:37.000Z,-0.088256,
series_a,2019-01-19T16:26:37.000Z,-0.211892,
series_a,2019-01-19T16:31:37.000Z,-0.405677,
series_a,2019-01-19T16:36:37.000Z,0.048529,
series_a,2019-01-19T16:41:37.000Z,-1.235848,
series_a,2019-01-19T16:46:37.000Z,-1.545992,
series_a,2019-01-19T16:51:37.000Z,-1.243491,
series_a,2019-01-19T16:56:37.000Z,-0.912402,
series_a,2019-01-19T17:01:37.000Z,-0.546024,
series_a,2019-01-19T17:06:37.000Z,0.300076,
series_a,2019-01-19T17:11:37.000Z,-0.522128,
series_a,2019-01-19T17:16:37.000Z,-0.759515,
series_a,2019-01-19T17:21:37.000Z,-0.370085,
series_a,2019-01-19T17:26:37.000Z,-0.695655,
series_a,2019-01-19T17:31:37.000Z,0.020647,
series_a,2019-01-19T17:36:37.000Z,1.332105,1
series_a,2019-01-19T17:41:37.000Z,0.475694,
